Lesson,Piece,Video,Tempo map,Map start,Map end,Where to paste,Player URL,Embed code,Characters
2.6,Composition 1 - Simple,,257 markers,0:41.8,2:49.8,Code Embed element below the lesson video. The iframe only: no bridge script belongs in a lesson embed or page template.,https://davidkuckhermann-art.github.io/handpan-studio-app/player/?k=fcd73a45100059e0&follow=1#p=z7VvBjhy3Ef0VgedWo4tFsopzs2QYAZIAgXMUdBhpR96NtDOL2V0bgaAPyUfkp_IlAXtYVd2ctjBY2MYm6othPLJZLD6y3iNH-9l9OBxvtw9u467vrl5617mbK7dx7w-3d4f7m4ebw_4luM493Dx82rmNe234C3jx8sXfb27vPu1c594fHo_3pceftvuru-3-xevD4eO7w-Gj69yn3f39Ye82zvfJdW77-HB9OLqN-377883Viz8_vv94vTvebvd717lfjjcPD7v9D2OHq5cfH49XL3OZwO727uA2NHTudvewO7rNm9CFt527f3znNti5d9vj_d92xx8Pv7gNdO5-975M8t5tPrvvoPy3dHCbN28-uwe3GTr3s9u4Dze7T1eucx_Gb663-5L7jyWd68Ox_P8Pt9t_uC_d-A2cfYOTb2onf9Ypaae_SCf8avTaKVwSLl4SLl0Sji4Jx5eEy5eEg3MGFuLB-ZrzNODb7tfo9It0vvrPv_79VUbDb8aov4TRhXBPZHQh3DmjC-HOGeVLGF0It8DoQrwFRvNljOIio6-_Sme8hE66hM6FzXlO50K4czoXwp3TuRDunM6FcOd0LoQ7p3Pp6J0zsBBvgU5a6fwd6cx_NJ3zevv2S-e-86ucrnK6yukqp99g_V3l9LnRedIkXDVp1aRVk1ZN-t8sYqsmrXQ-pyteWOV0ldNVTlc5_Qbr7yqnz43OUZNeXfIr3rC4Rt_f3ux_fY0Wau0TK9hwyRothHtiBVsId77lF8I9sYIthFvY8kvK9eQtv2rSUzXpoiL2W2rShS7j2y1iqyY9YzoXCuD_-RXv1SW_4q1yusrpKqernK5yusrpH3HFu-RXvFWTVk1aNWnVpGdYxFZNesZ0foNXvEt-xVvldJXTVU5XOV3ldJXT3_2K96Vz2-Nxu_9pd7vbP7jNm_K3eeNfFIz_hHP8hyfjL33j--R4IRxlrLuwX_l7wH_u3_91e-c2JwIC9Ow7dzdScfvRbUDS9j3GMLagQYxxhFLnfpr0xR4DjQ25bWBMYwN4wUKPeAoJ0TAWjAWLPdZvPRjGCCcszCOlHn3tTYZxxXCY9ybtjWiY9m7SY-udDWM4YcHPe-ceh9oSDSM-QTxf5jj0NaE4gdifescgGPToTwsUyTDKJywNgvkeh4qhYYwnJlMSDJWElA0TemmeUiyUnWZE0TAZlYSyGHuE06gMhvGpG2syxhWTYbJTsiZDPdYJZezc_WRCJLs2p2Y9ua-zytkg3VyD7MKYe8SKRcN44ApKTqkQdBoRAAys8QEkqwQ6IpBh7OvHfr4Fk-8RajCPBtp5mW_ChHoewWcDOdT-KKmlYCOX5ZsOEnrKtUUTjL3Ppy0IAebdo6YZwnydU5J1hkCGMVI92U22hcq6OhHbJvZ1UrHJ2Q4exGxgTS5pxtlKSooGKu2JZ-PSYP0J2ib9ioRastMHRAZazZItS75XDA2TkwIsB5DKAaxrxXm2uQl11cvxnq46hR5raYAcDdT-QiqVk3ga3g9NhrFnwNo0L6KUpBj5gQzT7jAnlahHiLUJ2yaW-DAnlViWyEM2rBYJ74VUyr2Ufx8N035zSnnQURHaFq4NwieDbnlfSJj2Vj30oVFE9r0naUMDSaYUhFxGPYE-ZAN5qEsS5_WVQ-9zzTVGA0WPfBReuYhiDZfAQA4CzhnlpFXDJzKQK20kG5fJ1JbQQDmanuYsMvcIdQlpvn-ZVb88C5uce6wjldj3o42bjpd13bmRyDxIqfF5gsnh81lozeWY1sTynNYMPVdGcJCcczms1eIMaCBjxYTPjJOO2UD2Jz5H0ZtGCyIFqBYnh7oNUR1Ojn2VN1SHk6Mmho3FyUmPG3pqmyjXuTRWJ1NfyUC1OplkLtjIZ2bd46heJ7MuSRA-c5bzhupyclZPhEGShKHQVxdPPU5BZWuNG3QyYxhAJRfV7RSUodqzQUGvBRHV8BRUbCKm1AyOeoJQrU9BJUXyCgbNkeJsi5cmTZUs1ai8l6nOPlAbhNxIKQxJzx4yTVCRDcyWMNlqZpyg4lwwJ0VZZQtznqBSscJguWYtQUENUUHFYgZ1RACD2sEA82Nc2lhGV2sEADrroOaooHXRg9cEwcsaBrVFBRQfFbzmB2hzVktU0FpJAjbyCRDUUASME1RHR8syWt_QZhl194bQ7F5Iai5CoLM24TRES9luIyHiBOVqpkPjiwC497kyEPME5VqTQ_LNF1lLWEhxgrKsduORwJdzW-PTFNW1Un8EHiwDovnO9yA7P3CjqOCNbLVLBZS7klLtUbdy4DxB2deEc5Ow18Mb1CkVUPaGWiXwpqlxgAmqt7DGJoFPdhsb6KxNKkMEpdibvEbACSrbIYLlaq43Qp6g9bBEtUjg7dRGHydoXfHoGy0FHPpRYEtjY5RKm1SGqF4JsFTjGgNpghJVNGiaaNfPqBapoLJnonokQDu9UU1SQaWSxah5YrDlU4NUUF0-dUiAEzoTTFCu3iA2HgkwWYaJJqicv0iWoXneSPNLaWmrM6fULjvr8YuUJyjHGpgt2Sx-J3JsZpptJVkzDuWKWvdGbjgNQ8_CiBolCNCjBM40QcUkJTVJEMwlpQGb0dUsJTVLUF6DvAyTJ6gQkBq7BOVJqJ6nBPGsjaWpqVDBLjnJt3nHykXyrdyWpyJpownIpwVJaKmTuueEberUc6jDoOWul5uEeQKKk09qoCBYRU6hTbrwXMcJTdZRbzopTkG5AiR9NILyahSkL01QrqtmRqo8HFVFS6nZ19FeJZK-IEE0I5VSbr5QDU7UanC0O2zS1yQYn5Ogom3GdqITw1mbzo2bc13emeqlIzGdtbEsjbmr8uIkq5AbwqNdaVNu9Li8Og11hua0Jg9PZE6rvDxBBeMElMFpaNIvL1B1oxBMUdE-gibx8hQFubbRWVulhnwrx0lfL8g32Ser4WQOLJUaLmieoCKdpK9SkELvq7qQea8UpIKQWa8U1UJRgAkqj13Umq7yHCVNbcKpZ6pxzXMlE2Qyz1XeoiRwtCzLoa6TjM1OL69RdR9Rslxzj1TJSc3VIelNl5Kq89sv_wU,"<!-- Handpan Studio — the lesson block for Webflow: THE IFRAME ONLY, in an Embed element below the video.
     The bridge script is pasted once, site-wide (Site settings → Custom code → Footer code): Copy the Webflow footer script. -->
<div style=""margin-top:16px"">
  <!-- allowfullscreen (build 2026-08-30a): the notation's own full-screen
       button needs the iframe's permission, or the browser refuses it and the
       app falls back to filling only the iframe. Lessons pasted before this
       build need the two attributes added to THEIR iframe tag by hand — the
       iframe is the part a re-paste deliberately leaves alone. -->
  <iframe id=""hps-app""
    src=""https://davidkuckhermann-art.github.io/handpan-studio-app/player/?k=fcd73a45100059e0&follow=1#p=z7VvBjhy3Ef0VgedWo4tFsopzs2QYAZIAgXMUdBhpR96NtDOL2V0bgaAPyUfkp_IlAXtYVd2ctjBY2MYm6othPLJZLD6y3iNH-9l9OBxvtw9u467vrl5617mbK7dx7w-3d4f7m4ebw_4luM493Dx82rmNe234C3jx8sXfb27vPu1c594fHo_3pceftvuru-3-xevD4eO7w-Gj69yn3f39Ye82zvfJdW77-HB9OLqN-377883Viz8_vv94vTvebvd717lfjjcPD7v9D2OHq5cfH49XL3OZwO727uA2NHTudvewO7rNm9CFt527f3znNti5d9vj_d92xx8Pv7gNdO5-975M8t5tPrvvoPy3dHCbN28-uwe3GTr3s9u4Dze7T1eucx_Gb663-5L7jyWd68Ox_P8Pt9t_uC_d-A2cfYOTb2onf9Ypaae_SCf8avTaKVwSLl4SLl0Sji4Jx5eEy5eEg3MGFuLB-ZrzNODb7tfo9It0vvrPv_79VUbDb8aov4TRhXBPZHQh3DmjC-HOGeVLGF0It8DoQrwFRvNljOIio6-_Sme8hE66hM6FzXlO50K4czoXwp3TuRDunM6FcOd0LoQ7p3Pp6J0zsBBvgU5a6fwd6cx_NJ3zevv2S-e-86ucrnK6yukqp99g_V3l9LnRedIkXDVp1aRVk1ZN-t8sYqsmrXQ-pyteWOV0ldNVTlc5_Qbr7yqnz43OUZNeXfIr3rC4Rt_f3ux_fY0Wau0TK9hwyRothHtiBVsId77lF8I9sYIthFvY8kvK9eQtv2rSUzXpoiL2W2rShS7j2y1iqyY9YzoXCuD_-RXv1SW_4q1yusrpKqernK5yusrpH3HFu-RXvFWTVk1aNWnVpGdYxFZNesZ0foNXvEt-xVvldJXTVU5XOV3ldJXT3_2K96Vz2-Nxu_9pd7vbP7jNm_K3eeNfFIz_hHP8hyfjL33j--R4IRxlrLuwX_l7wH_u3_91e-c2JwIC9Ow7dzdScfvRbUDS9j3GMLagQYxxhFLnfpr0xR4DjQ25bWBMYwN4wUKPeAoJ0TAWjAWLPdZvPRjGCCcszCOlHn3tTYZxxXCY9ybtjWiY9m7SY-udDWM4YcHPe-ceh9oSDSM-QTxf5jj0NaE4gdifescgGPToTwsUyTDKJywNgvkeh4qhYYwnJlMSDJWElA0TemmeUiyUnWZE0TAZlYSyGHuE06gMhvGpG2syxhWTYbJTsiZDPdYJZezc_WRCJLs2p2Y9ua-zytkg3VyD7MKYe8SKRcN44ApKTqkQdBoRAAys8QEkqwQ6IpBh7OvHfr4Fk-8RajCPBtp5mW_ChHoewWcDOdT-KKmlYCOX5ZsOEnrKtUUTjL3Ppy0IAebdo6YZwnydU5J1hkCGMVI92U22hcq6OhHbJvZ1UrHJ2Q4exGxgTS5pxtlKSooGKu2JZ-PSYP0J2ib9ioRastMHRAZazZItS75XDA2TkwIsB5DKAaxrxXm2uQl11cvxnq46hR5raYAcDdT-QiqVk3ga3g9NhrFnwNo0L6KUpBj5gQzT7jAnlahHiLUJ2yaW-DAnlViWyEM2rBYJ74VUyr2Ufx8N035zSnnQURHaFq4NwieDbnlfSJj2Vj30oVFE9r0naUMDSaYUhFxGPYE-ZAN5qEsS5_WVQ-9zzTVGA0WPfBReuYhiDZfAQA4CzhnlpFXDJzKQK20kG5fJ1JbQQDmanuYsMvcIdQlpvn-ZVb88C5uce6wjldj3o42bjpd13bmRyDxIqfF5gsnh81lozeWY1sTynNYMPVdGcJCcczms1eIMaCBjxYTPjJOO2UD2Jz5H0ZtGCyIFqBYnh7oNUR1Ojn2VN1SHk6Mmho3FyUmPG3pqmyjXuTRWJ1NfyUC1OplkLtjIZ2bd46heJ7MuSRA-c5bzhupyclZPhEGShKHQVxdPPU5BZWuNG3QyYxhAJRfV7RSUodqzQUGvBRHV8BRUbCKm1AyOeoJQrU9BJUXyCgbNkeJsi5cmTZUs1ai8l6nOPlAbhNxIKQxJzx4yTVCRDcyWMNlqZpyg4lwwJ0VZZQtznqBSscJguWYtQUENUUHFYgZ1RACD2sEA82Nc2lhGV2sEADrroOaooHXRg9cEwcsaBrVFBRQfFbzmB2hzVktU0FpJAjbyCRDUUASME1RHR8syWt_QZhl194bQ7F5Iai5CoLM24TRES9luIyHiBOVqpkPjiwC497kyEPME5VqTQ_LNF1lLWEhxgrKsduORwJdzW-PTFNW1Un8EHiwDovnO9yA7P3CjqOCNbLVLBZS7klLtUbdy4DxB2deEc5Ow18Mb1CkVUPaGWiXwpqlxgAmqt7DGJoFPdhsb6KxNKkMEpdibvEbACSrbIYLlaq43Qp6g9bBEtUjg7dRGHydoXfHoGy0FHPpRYEtjY5RKm1SGqF4JsFTjGgNpghJVNGiaaNfPqBapoLJnonokQDu9UU1SQaWSxah5YrDlU4NUUF0-dUiAEzoTTFCu3iA2HgkwWYaJJqicv0iWoXneSPNLaWmrM6fULjvr8YuUJyjHGpgt2Sx-J3JsZpptJVkzDuWKWvdGbjgNQ8_CiBolCNCjBM40QcUkJTVJEMwlpQGb0dUsJTVLUF6DvAyTJ6gQkBq7BOVJqJ6nBPGsjaWpqVDBLjnJt3nHykXyrdyWpyJpownIpwVJaKmTuueEberUc6jDoOWul5uEeQKKk09qoCBYRU6hTbrwXMcJTdZRbzopTkG5AiR9NILyahSkL01QrqtmRqo8HFVFS6nZ19FeJZK-IEE0I5VSbr5QDU7UanC0O2zS1yQYn5Ogom3GdqITw1mbzo2bc13emeqlIzGdtbEsjbmr8uIkq5AbwqNdaVNu9Li8Og11hua0Jg9PZE6rvDxBBeMElMFpaNIvL1B1oxBMUdE-gibx8hQFubbRWVulhnwrx0lfL8g32Ser4WQOLJUaLmieoCKdpK9SkELvq7qQea8UpIKQWa8U1UJRgAkqj13Umq7yHCVNbcKpZ6pxzXMlE2Qyz1XeoiRwtCzLoa6TjM1OL69RdR9Rslxzj1TJSc3VIelNl5Kq89sv_wU""
    style=""width:100%;height:820px;border:0;border-radius:12px;background:#FBF9F6""
    allow=""autoplay; fullscreen""
    allowfullscreen
    loading=""lazy""></iframe>
</div>",4011
2.14,Composition 1 Advanced,2.14.1 Composition 1 - Advanced version performance (handpan solo),start and end only,0:03.2,2:44.9,Code Embed element below the lesson video. The iframe only: no bridge script belongs in a lesson embed or page template.,https://davidkuckhermann-art.github.io/handpan-studio-app/player/?k=fcd73a45100059e0&follow=1#p=z7ZzdTtswFMdfpfJ1-uHYaZPcQRGatE2auEVcpImhoc2HYgeEUB9kD7GX2pPMDmVstE1Oo3TQcS6oqO1z7Pj_r8-vofSRXGdFEijik3ke9W1ikTjST8IsyTMZqzhLq0YVq6XQ7dOX9h7tnUR3QRqKSA8Is7KQZsSnII3yIO1Ns2wx0z-6bymkzFLdZw8oN8_jdGEmVCqX_nB4nxXLKBdFWEqp8w6Sh0VwG8zigV7EMC-yqAyVHM6f8valKqM46ysh1TAMlLjJiljIoU3HozH3mGcP9QKVafA8l07GnOkZg1LNs0LPeRbcxVHvcxku5kJfd5rqzvsiVkqk59WAqL8oi6jvmWsW-lqJ7zkWSYQSuveSW_zKIrKcEZ9bZBYU8psoLrJ74lPdLEKzL5L4j-SEmkczQEddPhK9wSOL3OkJrmOxNBt2TfyxRcxV6cYvZgf1Cs3v50lwS1bWjhj6O-ZiRwzbiGF_xKwH8drFrAeNa2dfD3IhmVxIJkohK6f2xih3c0LK62e8svYT5fTn9x-1uthbdXkVtikN70waGyKNC5HGBknDQdJ4IGlsmDSTrdJMa3VhW3WZ1oriQESZQERhEFEmEFEYSBQHJMoEJAr70KJ4_1oUt4UoVyuLnNhYabDSYKXBSoOV5oOI8nTuswOd-6zx3D9YrWCQw7vlqbVlukNWHZD07UsTBeXqhDLeqMxxSJk7ZHVkkHLV0owcYsbu6iyHZGpfjCkoV9uSzUFmPGBhdxpryMHqTkvCBhUnB-LB7iqYA8nUnj3aEj2MUByQBxl68M086B2xB92DebACRY6giKCIoIigiKCIoIigiKCIHuzegxVqnbb_q_9ZEqf7YlN9zKgxZm3ym3kmFdncFtaQMijMx0aSUolX4prPcuh-vQlELoN8S2qnNvU-1DXZg7p2Xai3tfvlBTyqD38-UnbGw-iKQfaENrx-joqu9vbfbq5qYzkbYjn-v1huArKcDbKcC7Pc-6lfezuNdeo00FtKB-K0yXt1WvO2UNby7aOHbnsjt7lHcK55HTrt73OtIjobiQ6JDokOiQ6JDmssEh0S3XG7zYO67eKV2xqIa1Qzqu7e67ZcNigXA40CMR5DxkPGQ8ZDxkPGw6qLjIeMh2478rt2HIkOiQ6JDokOiQ5rLBIdEt0HcVu7u3Y7PdXl_bpmblsZlCmC9EYkItUhl-ZbdKovOKj-27X6T4bqM3YbD7vHmbZT06aR0Hxzz0MaftXy-U_mZQOqF5FX7koWepHPix3zgevyqouObL66Wv0C,"<!-- Handpan Studio — the lesson block for Webflow: THE IFRAME ONLY, in an Embed element below the video.
     The bridge script is pasted once, site-wide (Site settings → Custom code → Footer code): Copy the Webflow footer script. -->
<div style=""margin-top:16px"">
  <!-- allowfullscreen (build 2026-08-30a): the notation's own full-screen
       button needs the iframe's permission, or the browser refuses it and the
       app falls back to filling only the iframe. Lessons pasted before this
       build need the two attributes added to THEIR iframe tag by hand — the
       iframe is the part a re-paste deliberately leaves alone. -->
  <iframe id=""hps-app""
    src=""https://davidkuckhermann-art.github.io/handpan-studio-app/player/?k=fcd73a45100059e0&follow=1#p=z7ZzdTtswFMdfpfJ1-uHYaZPcQRGatE2auEVcpImhoc2HYgeEUB9kD7GX2pPMDmVstE1Oo3TQcS6oqO1z7Pj_r8-vofSRXGdFEijik3ke9W1ikTjST8IsyTMZqzhLq0YVq6XQ7dOX9h7tnUR3QRqKSA8Is7KQZsSnII3yIO1Ns2wx0z-6bymkzFLdZw8oN8_jdGEmVCqX_nB4nxXLKBdFWEqp8w6Sh0VwG8zigV7EMC-yqAyVHM6f8valKqM46ysh1TAMlLjJiljIoU3HozH3mGcP9QKVafA8l07GnOkZg1LNs0LPeRbcxVHvcxku5kJfd5rqzvsiVkqk59WAqL8oi6jvmWsW-lqJ7zkWSYQSuveSW_zKIrKcEZ9bZBYU8psoLrJ74lPdLEKzL5L4j-SEmkczQEddPhK9wSOL3OkJrmOxNBt2TfyxRcxV6cYvZgf1Cs3v50lwS1bWjhj6O-ZiRwzbiGF_xKwH8drFrAeNa2dfD3IhmVxIJkohK6f2xih3c0LK62e8svYT5fTn9x-1uthbdXkVtikN70waGyKNC5HGBknDQdJ4IGlsmDSTrdJMa3VhW3WZ1oriQESZQERhEFEmEFEYSBQHJMoEJAr70KJ4_1oUt4UoVyuLnNhYabDSYKXBSoOV5oOI8nTuswOd-6zx3D9YrWCQw7vlqbVlukNWHZD07UsTBeXqhDLeqMxxSJk7ZHVkkHLV0owcYsbu6iyHZGpfjCkoV9uSzUFmPGBhdxpryMHqTkvCBhUnB-LB7iqYA8nUnj3aEj2MUByQBxl68M086B2xB92DebACRY6giKCIoIigiKCIoIigiKCIHuzegxVqnbb_q_9ZEqf7YlN9zKgxZm3ym3kmFdncFtaQMijMx0aSUolX4prPcuh-vQlELoN8S2qnNvU-1DXZg7p2Xai3tfvlBTyqD38-UnbGw-iKQfaENrx-joqu9vbfbq5qYzkbYjn-v1huArKcDbKcC7Pc-6lfezuNdeo00FtKB-K0yXt1WvO2UNby7aOHbnsjt7lHcK55HTrt73OtIjobiQ6JDokOiQ6JDmssEh0S3XG7zYO67eKV2xqIa1Qzqu7e67ZcNigXA40CMR5DxkPGQ8ZDxkPGw6qLjIeMh2478rt2HIkOiQ6JDokOiQ5rLBIdEt0HcVu7u3Y7PdXl_bpmblsZlCmC9EYkItUhl-ZbdKovOKj-27X6T4bqM3YbD7vHmbZT06aR0Hxzz0MaftXy-U_mZQOqF5FX7koWepHPix3zgevyqouObL66Wv0C""
    style=""width:100%;height:820px;border:0;border-radius:12px;background:#FBF9F6""
    allow=""autoplay; fullscreen""
    allowfullscreen
    loading=""lazy""></iframe>
</div>",2224
2.14,Composition 1 Advanced (percussion and bass),2.14.2 Composition 1 - Advanced version performance (percussion and bass),start and end only,0:03.2,2:44.9,Code Embed element below the lesson video. The iframe only: no bridge script belongs in a lesson embed or page template.,https://davidkuckhermann-art.github.io/handpan-studio-app/player/?k=fcd73a45100059e0&follow=1#p=z7ZzdbtowFMdfBfk6fMR2yMddS1VN2iZNva24CIlbUsiHEqdVVfEge4i91J5kdqDrViA5RGEt67koKrbPseP_H58fKeWJ3KR57EvikXkW9ikxSBSqJ0EaZ2kRyShNqkYZyaVQ7ZOX9p7ZOwvv_SQQoRoQpGVe6BGf_CTM_KQ3SdPFTP2ovqUoijRRfXRgcv08ShZ6QimzwhsOH9J8GWYiD8qiUHkH8ePCv_Nn0UAtYpjlaVgGshjO13n7hSzDKO1LUchh4Etxm-aRKIbUHI_G3GUuHaoFSt3guo5pjzlTM_qlnKe5mvPCv4_C3ucyWMyFuu4kUZ0PeSSlSC6rAWF_UeZh39XXLNS1Es-1DBILKVTvNTf41CBFOSMeN8jMz4tvIr9KH4hnqmYR6H0piPdEzkz9qAeoqOsnojZ4ZJB7NcFNJJZ6w26INzaIvirV-EXvoFqh_v0y9u_IytgTY_6OudoTw7Zi2B8xm0G8djGbQePa2TeDHEgmB5LJNCErN-nWKGd7QpPXzzg1DhPl_Of3H7W60J26vArbloZ3Jg2FSONApKEgaThIGhckDYVJY--UZlKrC9upy6RWFAsiig0RhUFEsSGiMJAoFkgUGyQK-9CiuP9aFKeFKNOVQc4oVhqsNFhpsNJgpfkgoqzPfXakc581nvtHqxUMcni3PLV2THfMqgOSvn1pMkG5OqGMNypzHFLmjlkdGaRctTQjh5ixuzrLIZnaF2MTlKttyeYgMx6xsFuNNeRodaclYYOKkwXxYHcVzIJkas8ebYkeRigWyIMMPfhmHnRP2IPO0TxYgSJHUERQRFBEUERQRFBEUERQRA9278EKtc7b_9X_Io6SQ7GpPmbUGLMx-e08LSTZ3hbWkNLP9cdG4lKKV-Lqz3KofrUJpFj62Y7UVm3qQ6jLPoC69l2ou7P75QU8qg9_PlL2xsPoikH2xGx4_ZwUXR3sv_1c1cZyFGI5_r9YzgZZjoIs58As937q18FOY506DfSW0oI4zX6vTmveFpO1fPvootveyG3OCZxrbodO-_tcq4iOItEh0SHRIdEh0WGNRaJDojttt7lQt129clsDcY1qRtXde92Vi4JyMdAoEOMxZDxkPGQ8ZDxkPKy6yHjIeOi2E79rx5HokOiQ6JDokOiwxiLRIdF9ELe1u2u311Nd3q9r5raVRpncT25FLBIVcq2_Raf6goPqv12r_2SoPmO39bB_nG47120KCfU39zwmwVcln7c2LxtQtayscle8UIt8XuyYDxxn3WWOKF9NV78A,"<!-- Handpan Studio — the lesson block for Webflow: THE IFRAME ONLY, in an Embed element below the video.
     The bridge script is pasted once, site-wide (Site settings → Custom code → Footer code): Copy the Webflow footer script. -->
<div style=""margin-top:16px"">
  <!-- allowfullscreen (build 2026-08-30a): the notation's own full-screen
       button needs the iframe's permission, or the browser refuses it and the
       app falls back to filling only the iframe. Lessons pasted before this
       build need the two attributes added to THEIR iframe tag by hand — the
       iframe is the part a re-paste deliberately leaves alone. -->
  <iframe id=""hps-app""
    src=""https://davidkuckhermann-art.github.io/handpan-studio-app/player/?k=fcd73a45100059e0&follow=1#p=z7ZzdbtowFMdfBfk6fMR2yMddS1VN2iZNva24CIlbUsiHEqdVVfEge4i91J5kdqDrViA5RGEt67koKrbPseP_H58fKeWJ3KR57EvikXkW9ikxSBSqJ0EaZ2kRyShNqkYZyaVQ7ZOX9p7ZOwvv_SQQoRoQpGVe6BGf_CTM_KQ3SdPFTP2ovqUoijRRfXRgcv08ShZ6QimzwhsOH9J8GWYiD8qiUHkH8ePCv_Nn0UAtYpjlaVgGshjO13n7hSzDKO1LUchh4Etxm-aRKIbUHI_G3GUuHaoFSt3guo5pjzlTM_qlnKe5mvPCv4_C3ucyWMyFuu4kUZ0PeSSlSC6rAWF_UeZh39XXLNS1Es-1DBILKVTvNTf41CBFOSMeN8jMz4tvIr9KH4hnqmYR6H0piPdEzkz9qAeoqOsnojZ4ZJB7NcFNJJZ6w26INzaIvirV-EXvoFqh_v0y9u_IytgTY_6OudoTw7Zi2B8xm0G8djGbQePa2TeDHEgmB5LJNCErN-nWKGd7QpPXzzg1DhPl_Of3H7W60J26vArbloZ3Jg2FSONApKEgaThIGhckDYVJY--UZlKrC9upy6RWFAsiig0RhUFEsSGiMJAoFkgUGyQK-9CiuP9aFKeFKNOVQc4oVhqsNFhpsNJgpfkgoqzPfXakc581nvtHqxUMcni3PLV2THfMqgOSvn1pMkG5OqGMNypzHFLmjlkdGaRctTQjh5ixuzrLIZnaF2MTlKttyeYgMx6xsFuNNeRodaclYYOKkwXxYHcVzIJkas8ebYkeRigWyIMMPfhmHnRP2IPO0TxYgSJHUERQRFBEUERQRFBEUERQRA9278EKtc7b_9X_Io6SQ7GpPmbUGLMx-e08LSTZ3hbWkNLP9cdG4lKKV-Lqz3KofrUJpFj62Y7UVm3qQ6jLPoC69l2ou7P75QU8qg9_PlL2xsPoikH2xGx4_ZwUXR3sv_1c1cZyFGI5_r9YzgZZjoIs58As937q18FOY506DfSW0oI4zX6vTmveFpO1fPvootveyG3OCZxrbodO-_tcq4iOItEh0SHRIdEh0WGNRaJDojttt7lQt129clsDcY1qRtXde92Vi4JyMdAoEOMxZDxkPGQ8ZDxkPKy6yHjIeOi2E79rx5HokOiQ6JDokOiwxiLRIdF9ELe1u2u311Nd3q9r5raVRpncT25FLBIVcq2_Raf6goPqv12r_2SoPmO39bB_nG47120KCfU39zwmwVcln7c2LxtQtayscle8UIt8XuyYDxxn3WWOKF9NV78A""
    style=""width:100%;height:820px;border:0;border-radius:12px;background:#FBF9F6""
    allow=""autoplay; fullscreen""
    allowfullscreen
    loading=""lazy""></iframe>
</div>",2224
2.17,Composition 2 (simple),,129 markers,8:09.4,9:22.2,Code Embed element below the lesson video. The iframe only: no bridge script belongs in a lesson embed or page template.,https://davidkuckhermann-art.github.io/handpan-studio-app/player/?k=fcd73a45100059e0&follow=1#p=z7ZhNayNHEIb_iplTAnLTVf3t22ZDCCSBsNfFB9kar4VtyUjyLsH4v6dGXT3Vy4yXJskhXnSwjd6pqbemuvrpsZ67m-3uYXnoLrrbx9U5dotuvaIP19uHx-1-fVhvN-d4vl8_PN73dO2wPtDfi-69XD7Dsx_y9R8p4Hr7tNsPEb8uN6vH5ebs_XZ7d0U_dO2-3--3G7qGCgJ9Xj4dbrc7-vzz8vN6dfbb0_XdbU_FbDZ08ctufTj0m1-OAavzu6fd6jwNFfTk3F2AdovuoT_0dPmjXdjLRbd_uuoucNFdLXf7P_vdh-0XCiO5vx7K3HcXz907GH4PAXTXx-eOHlsvus_kcLPu71eU_uZ4zy0VT-KH7mVxDIJJkBuDfi9BOAky00ymJZNtqcm1ZPItNYVJUKgzXS5e6xS2dMq3dMq2dGom07RTMzVNOzWTadqpmZqmnfJtnWqaqaZONc1UU6eaZqqpU00zFds6NZNr2qnQ0inX0qmZTNNOzdQ07dRMpmmnZmqadip91alLYR7ol0X3Dk8MOzHsxLATw94kw3Qkhv3U8h7WtDNnBnzaxZkBmHZxJtM_3JkzmaZdnKlp2sWvMv1Lhr3ZTv2Xm25mdqdNmNkF3zryvtGEpk03k2nahJmapuPi2sbl--7U629PMJCn5e3p-95PJ_KcyPPmyZP-h52Kr5AnxRciz3K3W24-9Q_9hm7-OHwVdfxf7vgydOTSYkYbvtb6a3P9x_KR7skPEJOymqxI0eWhklYa_FHDSvNoj5odNVAIcNR8pYUUjlocNSQPd9RAV2JKmEVxMcr5XA2IjVXg-XZficHx7WLklMF8O-pKjMlkUYy8shwoPkFpx4_tK9FjfkYUn6iQm2Z0JQaffYz4JGVMyqKtxAT5gUwxclor6zkyjiLQSuScVldiKcniKA7fgubira3EYDhSjIwyOq-QjZUYXY50YmSVxRzpsBJT4EgxcspZjhQjr8DmkXGxEoPOj-nFKChMuXiPlZgMi2IUlYO87F6MktI-u_tYiaVLYTQCrYCnM2AlllEKoxGAMsCRvhKj55yjEdB0G554XYlluqMY0XTzE0UxsopHKfpK8zYPSBQfpyDmziVdicHkAUni4xWGXFGylRgtR4pRUCZyZKzEVLaWFqeoLK8RaLGi1lsWbSW6VPb76IXUe94Kx3_bRtXHXBaMcHBIZHEcO9JhUCOU2NENkZ6hxPpKTTx8AOJm6CE4FsWNlsBzLGKljqKY0SLwPgGkbnyiv-M1mnfk8jBWqi-WRixp4nk1wGClBl4OMOIZiSHsKbwgNZb1EGAg4bzUJ8QgNUV-FkGG0bSX2E2YYQg5vmTwlTouqVDDEHSYtyDYINUHnh_hhjF0WHC9Ag5SA9MEhBzGEqK4XkEHqZEJCcIO45QtQyHwILXAA4QeZqQ-CD0MYZ9PNhB8kFqIBsIPE8tmBeEHid5wbwQgJhGQuVohCKmhzIggxGqFDDAQhpAa-XgFgYglMDHoQShCamKsgnDEEpoCVyYgsYbOOc4rJCG1kAQEJdYSmTmvsITUaHiFBSaWTl_HbkITUktlKDSxtBKOD2WhiaWlgBJrK9X5EituUQFPLwpOSPU8vSg4sbQWPL0oOCE1lAyCEzesRcngKzXwDkLBiYPxdEfBiZNTAgUnTo4JFJ6QWk5TRHGjgwK5XiGJGzDFbkISUsuLGQpJHHGKX6RQSEJqmT4Ukjg_Th8KSUgta4xCEhfG6UMhiRuOan4KIYmjE4MJikISRyeGLq9esVLHNRaSeDkyUEhCaijdEZJ4HI92JJJcvvwN,"<!-- Handpan Studio — the lesson block for Webflow: THE IFRAME ONLY, in an Embed element below the video.
     The bridge script is pasted once, site-wide (Site settings → Custom code → Footer code): Copy the Webflow footer script. -->
<div style=""margin-top:16px"">
  <!-- allowfullscreen (build 2026-08-30a): the notation's own full-screen
       button needs the iframe's permission, or the browser refuses it and the
       app falls back to filling only the iframe. Lessons pasted before this
       build need the two attributes added to THEIR iframe tag by hand — the
       iframe is the part a re-paste deliberately leaves alone. -->
  <iframe id=""hps-app""
    src=""https://davidkuckhermann-art.github.io/handpan-studio-app/player/?k=fcd73a45100059e0&follow=1#p=z7ZhNayNHEIb_iplTAnLTVf3t22ZDCCSBsNfFB9kar4VtyUjyLsH4v6dGXT3Vy4yXJskhXnSwjd6pqbemuvrpsZ67m-3uYXnoLrrbx9U5dotuvaIP19uHx-1-fVhvN-d4vl8_PN73dO2wPtDfi-69XD7Dsx_y9R8p4Hr7tNsPEb8uN6vH5ebs_XZ7d0U_dO2-3--3G7qGCgJ9Xj4dbrc7-vzz8vN6dfbb0_XdbU_FbDZ08ctufTj0m1-OAavzu6fd6jwNFfTk3F2AdovuoT_0dPmjXdjLRbd_uuoucNFdLXf7P_vdh-0XCiO5vx7K3HcXz907GH4PAXTXx-eOHlsvus_kcLPu71eU_uZ4zy0VT-KH7mVxDIJJkBuDfi9BOAky00ymJZNtqcm1ZPItNYVJUKgzXS5e6xS2dMq3dMq2dGom07RTMzVNOzWTadqpmZqmnfJtnWqaqaZONc1UU6eaZqqpU00zFds6NZNr2qnQ0inX0qmZTNNOzdQ07dRMpmmnZmqadip91alLYR7ol0X3Dk8MOzHsxLATw94kw3Qkhv3U8h7WtDNnBnzaxZkBmHZxJtM_3JkzmaZdnKlp2sWvMv1Lhr3ZTv2Xm25mdqdNmNkF3zryvtGEpk03k2nahJmapuPi2sbl--7U629PMJCn5e3p-95PJ_KcyPPmyZP-h52Kr5AnxRciz3K3W24-9Q_9hm7-OHwVdfxf7vgydOTSYkYbvtb6a3P9x_KR7skPEJOymqxI0eWhklYa_FHDSvNoj5odNVAIcNR8pYUUjlocNSQPd9RAV2JKmEVxMcr5XA2IjVXg-XZficHx7WLklMF8O-pKjMlkUYy8shwoPkFpx4_tK9FjfkYUn6iQm2Z0JQaffYz4JGVMyqKtxAT5gUwxclor6zkyjiLQSuScVldiKcniKA7fgubira3EYDhSjIwyOq-QjZUYXY50YmSVxRzpsBJT4EgxcspZjhQjr8DmkXGxEoPOj-nFKChMuXiPlZgMi2IUlYO87F6MktI-u_tYiaVLYTQCrYCnM2AlllEKoxGAMsCRvhKj55yjEdB0G554XYlluqMY0XTzE0UxsopHKfpK8zYPSBQfpyDmziVdicHkAUni4xWGXFGylRgtR4pRUCZyZKzEVLaWFqeoLK8RaLGi1lsWbSW6VPb76IXUe94Kx3_bRtXHXBaMcHBIZHEcO9JhUCOU2NENkZ6hxPpKTTx8AOJm6CE4FsWNlsBzLGKljqKY0SLwPgGkbnyiv-M1mnfk8jBWqi-WRixp4nk1wGClBl4OMOIZiSHsKbwgNZb1EGAg4bzUJ8QgNUV-FkGG0bSX2E2YYQg5vmTwlTouqVDDEHSYtyDYINUHnh_hhjF0WHC9Ag5SA9MEhBzGEqK4XkEHqZEJCcIO45QtQyHwILXAA4QeZqQ-CD0MYZ9PNhB8kFqIBsIPE8tmBeEHid5wbwQgJhGQuVohCKmhzIggxGqFDDAQhpAa-XgFgYglMDHoQShCamKsgnDEEpoCVyYgsYbOOc4rJCG1kAQEJdYSmTmvsITUaHiFBSaWTl_HbkITUktlKDSxtBKOD2WhiaWlgBJrK9X5EituUQFPLwpOSPU8vSg4sbQWPL0oOCE1lAyCEzesRcngKzXwDkLBiYPxdEfBiZNTAgUnTo4JFJ6QWk5TRHGjgwK5XiGJGzDFbkISUsuLGQpJHHGKX6RQSEJqmT4Ukjg_Th8KSUgta4xCEhfG6UMhiRuOan4KIYmjE4MJikISRyeGLq9esVLHNRaSeDkyUEhCaijdEZJ4HI92JJJcvvwN""
    style=""width:100%;height:820px;border:0;border-radius:12px;background:#FBF9F6""
    allow=""autoplay; fullscreen""
    allowfullscreen
    loading=""lazy""></iframe>
</div>",2744
2.18,Composition 3,,129 markers,12:30.6,13:56.3,Code Embed element below the lesson video. The iframe only: no bridge script belongs in a lesson embed or page template.,https://davidkuckhermann-art.github.io/handpan-studio-app/player/?k=fcd73a45100059e0&follow=1#p=z7VpNbxs3EP0rwZ5lgt8c-pamKAq0BYpcgxwUS4mNxJIhyQkKw_-9Q-0suSEpmVIUoAX2kAB6Q80bct7MkLafuo_rzf181113tw-LK9nNursFfrhZ3z-st3e7u_XqSiG4u9t9WSL-JuGvAn6zftxsg-H3-WrxMF-9erNef_6A_9D2Zbndrldok0wAfp4_7m7XG_z86_zr3eLVH483n2-XSL5aofHb5m63W65-2y9YXH1-3CyufCBeImF37fmsu1_ulmh9p2f6_azbPn7orvWs-zDfbP9ebt6uv3XXAuHlTQhu210_da9F-D8swG-9e-q-ouuPd8svC_T7cb_6FqNG8G0g6q7586xf9Ol2vd11uVkM5pEPExf92S-SlUUq96SOE-kWInPAB5ltxUexYXc8DmiJwx-PQ_CWAxG1s3WFr9rhQrFKP7-fldmWF8i2bcm2vkC2C6Izsl1s-IxsF3Gck-3iQKrZLqhStg8kSL8Qi6nq4BJV36SDS1T9JXRwiaq_iA7aqr6s59rh-saqLzjPyHbRh2oBmQtkuyA6I9vFhs_IdhHHOdkuDqSa7TKPtcMtJwFm-326HOAeu9dyGvbTsJ-G_TTsp2H_H9DBNOynYf9zhj0eRPfLuS_7o2qZdfNN-EnI_eNu2bVEVnPbJKAiQHVSTznmqaa1wtNpgmzqL02yPEZXW1TQ1RRc0MHJiTxH80VsVc239cHSV9OQabwj_UhPPXyTOjb0XyylIsia22JRbSNFgLUqOXxNO-apViWFp9qiIvBaKR2-sh2jqy0q6GqLCrpaKRV0L5ZSwX1OKRWxVYuk7WpZ-mq6tzeOoh95lBy-nhybpC-WUlHJNbfFotMusU13n1MHTuGptqgIvFZKTQOnoKstKuia5tvxt3NrKRXcP-_e3XZfa5s3pa-2efMjpcS_4xwd68ECKK-EL6WjeAbV3DY9DnlLyTRdCQtPtZJpuhIefmweo2u6o9UWFXS1RcezWiuy8n54clbPKbLiXBovdbVVpa-mB0N1Ve3HKuOnkw5Pp3N_Tjo9naan0_R0mp5O09NpejpNT6fp6TQ9nU6aXdPTaXo6TU-n_-vTyfHn53A-m_nq0_J-ucIF78Lfl-7_7mT_-6j9y2pWwcLfqv6zuvlr_oDfedon0HBmAMv6gSpjjwkmdY_hhP1Ev50ki-ewt0BmkcxYt7cImZkUk5JMtjAB2L1J8sykmdGmN-VRGCY5mfIwDAOr9yaVh2GZkao35WE4JqA36TwMx8D3EWodQWDG9DvSEEHPhBV70OTUnoHsLRmz5UxDf6A2nr8VTKj-_K0egY5itNmmrWSaDthlzFYxbnpXzo5A63sQEqlmilZCdt7WMM57asipDbOi_5aXEbRMWgLtCPSqT5rg2SFbx4zzZMvJAXMz2GCEgukPW4hE7JkRA5qdtONMGOLPtYY25yXZ4ok7wbRWhEZmJ5mQ5EfJEeqANK7inp2KiRE6nrTTjLsB1SPUUdJFEpUzTA0nYxKbZVwMqB2hFqjMEpljinaWtISgBzonm7iA2WGtS1yeSdKdSBJC1Ou-zkTSEIRmMqCRDUI7oRMDGKGe0ykk6UBoI7SJpB0IHcRTm-AjFLwgNLGFvjGgiS20jH4XMukFUdADmtgs064_BykTG_YIMaB6hGI5EZrYgGnSukwaAc84tRKZNIKo0476XGTz2BcowzJpxAtG3VcmiSA4VLNMEvGSKUqxTBLxFKrNCsBjRxDk2WYF6HVs3zKJBVEwtJkkFm_S0bmsAD2KdkgX5PyWOT7Y0najdmXSDYJ-mAs-63Ye-zJ1f-lzemzPVKEqaQhREJbQgRh4OH0g9PuOBxxzoMhPNumCzdL2VdQTcEzFMHiingLqKe8qG3DAFfZD8iNzfh37oYraCiiQNJRKzJgOTbvLBhtwTIcTZMv5QycxZIOIYjoEoUaO0CEfKptuGBHmg2K1OT_mg3qusnqEgqSoothA8NiJVTbhQGA-qGOoTHLBNpSGil0KBOZD0MlHsQXUD34gMas431TsUiCwJDStjV0qoECzXPPEZpihvq6TwoSNWdQcRigQmxaJzeHuyW9SlYA4RXRSFaKOD2hi80wpusRIGKHe9pnTSUmS445pbVKSTD1cxy4V0HQ5imwSe_jAltQjFeabIkvqQRSGvZnEpuOtSNvEZuK1SCfFIOrcgCY27OE0MbRLbC7ehrSzI9RxQpNKJLBhE0kkg8skEOmZpVufTgJRnCk-oHaEehpNJglECWaoEEwSiJJMqgGNbCrcrPoGZ8Kr4Plf,"<!-- Handpan Studio — the lesson block for Webflow: THE IFRAME ONLY, in an Embed element below the video.
     The bridge script is pasted once, site-wide (Site settings → Custom code → Footer code): Copy the Webflow footer script. -->
<div style=""margin-top:16px"">
  <!-- allowfullscreen (build 2026-08-30a): the notation's own full-screen
       button needs the iframe's permission, or the browser refuses it and the
       app falls back to filling only the iframe. Lessons pasted before this
       build need the two attributes added to THEIR iframe tag by hand — the
       iframe is the part a re-paste deliberately leaves alone. -->
  <iframe id=""hps-app""
    src=""https://davidkuckhermann-art.github.io/handpan-studio-app/player/?k=fcd73a45100059e0&follow=1#p=z7VpNbxs3EP0rwZ5lgt8c-pamKAq0BYpcgxwUS4mNxJIhyQkKw_-9Q-0suSEpmVIUoAX2kAB6Q80bct7MkLafuo_rzf181113tw-LK9nNursFfrhZ3z-st3e7u_XqSiG4u9t9WSL-JuGvAn6zftxsg-H3-WrxMF-9erNef_6A_9D2Zbndrldok0wAfp4_7m7XG_z86_zr3eLVH483n2-XSL5aofHb5m63W65-2y9YXH1-3CyufCBeImF37fmsu1_ulmh9p2f6_azbPn7orvWs-zDfbP9ebt6uv3XXAuHlTQhu210_da9F-D8swG-9e-q-ouuPd8svC_T7cb_6FqNG8G0g6q7586xf9Ol2vd11uVkM5pEPExf92S-SlUUq96SOE-kWInPAB5ltxUexYXc8DmiJwx-PQ_CWAxG1s3WFr9rhQrFKP7-fldmWF8i2bcm2vkC2C6Izsl1s-IxsF3Gck-3iQKrZLqhStg8kSL8Qi6nq4BJV36SDS1T9JXRwiaq_iA7aqr6s59rh-saqLzjPyHbRh2oBmQtkuyA6I9vFhs_IdhHHOdkuDqSa7TKPtcMtJwFm-326HOAeu9dyGvbTsJ-G_TTsp2H_H9DBNOynYf9zhj0eRPfLuS_7o2qZdfNN-EnI_eNu2bVEVnPbJKAiQHVSTznmqaa1wtNpgmzqL02yPEZXW1TQ1RRc0MHJiTxH80VsVc239cHSV9OQabwj_UhPPXyTOjb0XyylIsia22JRbSNFgLUqOXxNO-apViWFp9qiIvBaKR2-sh2jqy0q6GqLCrpaKRV0L5ZSwX1OKRWxVYuk7WpZ-mq6tzeOoh95lBy-nhybpC-WUlHJNbfFotMusU13n1MHTuGptqgIvFZKTQOnoKstKuia5tvxt3NrKRXcP-_e3XZfa5s3pa-2efMjpcS_4xwd68ECKK-EL6WjeAbV3DY9DnlLyTRdCQtPtZJpuhIefmweo2u6o9UWFXS1RcezWiuy8n54clbPKbLiXBovdbVVpa-mB0N1Ve3HKuOnkw5Pp3N_Tjo9naan0_R0mp5O09NpejpNT6fp6TQ9nU6aXdPTaXo6TU-n_-vTyfHn53A-m_nq0_J-ucIF78Lfl-7_7mT_-6j9y2pWwcLfqv6zuvlr_oDfedon0HBmAMv6gSpjjwkmdY_hhP1Ev50ki-ewt0BmkcxYt7cImZkUk5JMtjAB2L1J8sykmdGmN-VRGCY5mfIwDAOr9yaVh2GZkao35WE4JqA36TwMx8D3EWodQWDG9DvSEEHPhBV70OTUnoHsLRmz5UxDf6A2nr8VTKj-_K0egY5itNmmrWSaDthlzFYxbnpXzo5A63sQEqlmilZCdt7WMM57asipDbOi_5aXEbRMWgLtCPSqT5rg2SFbx4zzZMvJAXMz2GCEgukPW4hE7JkRA5qdtONMGOLPtYY25yXZ4ok7wbRWhEZmJ5mQ5EfJEeqANK7inp2KiRE6nrTTjLsB1SPUUdJFEpUzTA0nYxKbZVwMqB2hFqjMEpljinaWtISgBzonm7iA2WGtS1yeSdKdSBJC1Ou-zkTSEIRmMqCRDUI7oRMDGKGe0ykk6UBoI7SJpB0IHcRTm-AjFLwgNLGFvjGgiS20jH4XMukFUdADmtgs064_BykTG_YIMaB6hGI5EZrYgGnSukwaAc84tRKZNIKo0476XGTz2BcowzJpxAtG3VcmiSA4VLNMEvGSKUqxTBLxFKrNCsBjRxDk2WYF6HVs3zKJBVEwtJkkFm_S0bmsAD2KdkgX5PyWOT7Y0najdmXSDYJ-mAs-63Ye-zJ1f-lzemzPVKEqaQhREJbQgRh4OH0g9PuOBxxzoMhPNumCzdL2VdQTcEzFMHiingLqKe8qG3DAFfZD8iNzfh37oYraCiiQNJRKzJgOTbvLBhtwTIcTZMv5QycxZIOIYjoEoUaO0CEfKptuGBHmg2K1OT_mg3qusnqEgqSoothA8NiJVTbhQGA-qGOoTHLBNpSGil0KBOZD0MlHsQXUD34gMas431TsUiCwJDStjV0qoECzXPPEZpihvq6TwoSNWdQcRigQmxaJzeHuyW9SlYA4RXRSFaKOD2hi80wpusRIGKHe9pnTSUmS445pbVKSTD1cxy4V0HQ5imwSe_jAltQjFeabIkvqQRSGvZnEpuOtSNvEZuK1SCfFIOrcgCY27OE0MbRLbC7ehrSzI9RxQpNKJLBhE0kkg8skEOmZpVufTgJRnCk-oHaEehpNJglECWaoEEwSiJJMqgGNbCrcrPoGZ8Kr4Plf""
    style=""width:100%;height:820px;border:0;border-radius:12px;background:#FBF9F6""
    allow=""autoplay; fullscreen""
    allowfullscreen
    loading=""lazy""></iframe>
</div>",3224
3.4,Building Bridges (Composition 1) + Building Bridges (Composition 1 - Advanced),,145 markers / 129 markers,1:57.7 / 3:51.1,3:07.1 / 5:08.9,Code Embed element below the lesson video. The iframe only: no bridge script belongs in a lesson embed or page template.,https://davidkuckhermann-art.github.io/handpan-studio-app/player/?k=fcd73a45100059e0&follow=1#p=z7Vzbbhw3Ev0VYZ42gETwfvFb7CBYIFlgkdfAD2NpYmttjQRdEiwCf8h-xP7UfslWd1exOCRn1JrYsWP3Qy46ZLNYVYcs9nSf_n31y_Xt1fp-9Wz15ubi7PzN-uZ-c3t3planq_vL-3cbaHj-cPnu4nL7-uT57eXF683dyd9eXF_dXN9d3l9eb0_UN9CVrls9-_n33RE1tF5ewB-vcJSzV9MoZ3eXVzcw_tPsXD_c3g19_77eXtystycvrq_fvoJ_oO3d5u7uegttRlj4c_1w_-b6Fv78bv3r5cXJDw_nb99sYGLbLTT-dnt5f7_Zfj92uDh7-3B7cZaGqWzA4OqZ0v50dbUBj8Ahe2pfnq7uHl6tnpnT1av17d0_N7c_Xf8G3QDenA-zA8d_X32rhn8PHeAqiAOEQJ6ufgULv1xu3l3A8L-M17yBuQP40-r96dhJNZ1M20k3nXzu9CN1MnPM2Tnm3Bxzfo65MMdcnGMuzQpmG_KOPdXGPJYGX57uy5-ekz_7wfLXMdfmr2PuyPx1zLX565hr8xfn5K8XzDbkHXud_KV5-euRoenk5uQvzMlfx1ybv465Nn8dc23-Ouba_HXMtfnrmGvz1wtmG_KOvU7-wpK_D5m_9Gfnb3f_fMm1VKX3p6tv9VIbl9q41MalNn4Be-tSG7-g_O2UKg2l6vmc2zg5J9SdLfjIra5jrg11x9yRW13HXBvqjrkjt7peMOedDo5eKkupmleqZm11H7JUzTxqLFvdUqo-Sf46G9rXcRsn41Ab59zGLbVxqY1LbVxq41Ibv7La-HXlr6mN41PL8eaRHh0afnSodx8d4p9HVdHXb67v7let85j_m83tObTC2Kv79dtVO4w5PIydOYzbN8x-Zh_tU9Vcu7Jvrj_C_76G__5Q-bZvODd7uI_g45K3JW9L3pa8ffK8VT3fbq_Pd_w6Hb1_vOePU0-3Uyqjz6VSL6Xyc6XAsnSXvC15W_L2Beet-yNr7dDhX-va2-Sw16d9P1Pt1Mb4Horj-vZ2vX29udps4eqfh7dKx9dnxgeT4y-wfKvJlfQ09xuq6L-35_9Y34wv4453skEEmOvNGK2rt4Dke9woXNBjk8lYElr5EfMFFs0IJYK0FBa7DY9NEVRCyjiBrgA99YwZ1EKbaVJaFWA003S0zaARdhpSh4xZIXFIIwvQIZad0U4og6AvQJ8QZH-80Hi51QU4mbbsTRA44DCrnWjqCLOapu9K0EUE2ackoGECQwH6CfPZJyOFkdPV3hRgdBOWfTKKpuVTgaU4xThkl4wWLk0jhuyUMUJNpkMssDBZidkZY4XBBEVbgDFNZmJ2xjhhJyyxM17IGCbQjPuAKpqQh0NidqJqIOByci2lAowOiSbZtygMJlZJV6BJU192LwlHrFTZmJVCooNK2QJ16A0spowq4BYuAFmAXuMAOmfMauiKU9C-QInukPyMAt8RNLoAE-YXQptRYDwZM9kz63gRWlWgFLDBlZ0QWy8U-WdDgQaKm2MHg9AebTpToIG6sn-QDo-TdqlAkX_Ks39JmIgDeFegKaPZPydpnauQXXCQDEmoLVDv0bGQHXOw91AsoizQmLep7JgzwpBn0Rdospj7mHap7CApU8vg5k6coSknPPEkYY-iK3wBWgpzigUapZo2Qykru5BEHbBNN20OW2yBBdxvtGS7QUhMj-bFAqjFnU0rWaDB4mxUbRH2Qm-wzTZtJtLe7ws0SLLBllPe6TWvMkCpeGhdgD6gSV2bBCYlGsbvtvlhj8VA6FigHlec5hoDKA3Di9MroQOhtkAdTcfUJlVezpoXrgdeole2rtTQ5jw16gKNgVC2DLt5ItQXqFMJ0TjNZzw0qqJHxF1Ku4pd3gqFfNROF6glz7m6ARoijcP2geaUXxcLFBeS9rVJBwUI3fAVvTyUEgqHtwVq0EOujAAGSV3ZLvAct04dZIEag9MJtckgvKUrKnrROgpsFTiuMTJcUwGlWfPGA2ByOHDk0MIxjKjGtRZQj5Va83YEKK3ZWB9KApzTDC7-VKI0OG9EQUHlITQUaMLMG5knHYCPGFUjTYGmSOeyPL0AFc3QCKlAaQ0YPkEGYBSGyPAREtCUEMzBDPmIYfgICWDKKHvmeQZ8igQ0YUYNL_EAex1uB4YPkoDSkdHUJ5QQhc2N7B_sXFg-zWClXGnQZtEfPllGyYdaGwuUzh6GT5URDtp02OWFB6ijkPK5Muq8VgyfLAH1DsHsZYSdIyDoCzBIOkNn96KFA_wE8uESQNwODB8uo8tMNrwUAI3kQVS97SgGgTVnrBZTyF8OrTMVhuuLX9fb881w2zVTY3hydvItXvQnyg0HanfUhvaPqw39zg8E5zDD4f-_v1r_i25PD79L0r_myGfIx6okZgkg2k7z3onpPR9ufyHo3PyrR14y2v-TRT8pz__3n_8ezIvu5qW6rE1N59WSI1PTeZVl1ktNbafeSzGzXjHqpKbzhlwnNXpeakI3NS8O5sV08_LiYFI67xsc-jHpaa9TzHpTou00TwrUe1Ni1osnnaSYrzopHeJ-3KTM28R2k_KyKFJzZXxL0VmKzlJ0lqKzFJ0vISk77znKufq4_nbz3dXl9qk14PA18tFr-o9pZ-oJhqdxw33m1cP9Zv_DzLt365vO0O2Tv87DyiN14vuL0T5H0-Hny_RS7L7LVf-p6lPr1yz5RmfVznx1-sgqZ7ss-jDF8cn826-HOIZyndFaynWK3l-Tcr0SMCvCHcrNVFscUyhclzh_tLg8mWn7D9DHMK0zWsu0Trlrmba_SH1ipj0elg7bekeclm0zP9GwsO2Ds23_zcPns6_17jeOZdo-hed4g18LPA-ejSbmNIeug8e6edfs1vED1zQxHnvrzpB7j3XjFYauOMDF3feeD0XFzQmDn-N32OMojhEPxyEdvnp6kn-gXXWmGGsj6vFoj3Tt9ArNWHba-w4etHbpUB63Dh7rZl92iHz1ZfP5pz8e_5rw9PjXBOMvyr-WM49Hex__Wi73-WcOEOnFHha5I65pfNt3zXzamY9HuyYqPdo1YejRrvH7M6HdY1HpUq8JS5d6aaHeF029bqobAnYn8tMBcjU-DbSpz3CtEFnvfavg81dXPaKI6M60_pn00amEfVP5hGqKw5597dFZWLOwZmHNwpolOl9jdBpR-m58DonSO080Wzn6cmBaiPiFRWdhzcKahTULa5boPDE6VXPz21Pvd5rm15zer1jNz8--Ppt8jM8BaKPEJNqsNIZDA6llbca0sKjzihkzWXyUhVsD6FH7kzWdetCLk1y1wEiOrdmMEyT1YzNekBxKFxhKqthGEBZlk4Nq8nXpUBTSoljfFqD3pODPYBIKpWBOF2BCsV2WMepBC45BymIqPUjBUbpfaauHJpT_Z_GhthBUFB9m7ZS2Q1QR9AWIc41szArU-WZd4IBFjH5kMy7r0hKb8Zj95AuIFJJKspkgDInLpS3QZKgvW4rCkb6dKWEhqI7E9L5AAxGFWeEkS_cr8a52CvFK26gHeXdWxWezo7ybVPG-GkpniauybNwIizxRTBRnsxRaMVMA9Si5HZ3bGd0J7WsZ_IDGSIp3tumzgFJ5tjnIr2kVxWr0kHV4imkziKkz6gs0kT6dTSbIEirNYxVjL4UiaTozCNBAIvRKzK69EoY-GsBcGpTNjrTmsrKhhSN9KTNqUCvTHhF31y80BbqAaeWHj1CQeryyAHuLImF49tvD5qJZF75jAVYDbTy88wBKW4Q2VY4HiXAWe_tqNFgcyZGCO6Ow4WCGWKStPSyO3LfKNLRFkizzdhRgiWRVdZWMoIQkXXClox7a6JMUrJXWYRCb0xWVfWiLWerM9mGVuERC5-oKWCt5A5cFSmtF14QLju0z4YKjT5voVAV-0PBS3WC-BVgwpOGt-QZtXpFGmR2PQmNRGmX_O1dECHytSdaDWleiLLZmHLSRtlXX9XSQ7uInVEy9p0WoGJ4ujAUaIimSK_-jFsZRmy_QrM62lf_RCFyKhnkXLSx00h5X7g_yXaSYYd5FB-sNA-Yq96EtadIG57xH2Nso8L52nFW9XBABDKwmri6IdIYwvL8BGPGzHIb5FlP-AlCs63CSVKIN0w3AgF9KMFwikxKW-jLTkhYynzNkgXo6YjDHkoESRH1jgUbMlWV2JZuLj-UqmVw-DVjeyQD1hlC25uFAgN8pYi4BGvErG5aLYwqkPLdMogTnJAR52wIwYKYs0yclYRCrq3FKmQs2swcWJXCBPqLkM5q_nWMzbQaQ2D9-A6DYWo0E9ltqiwVKJzQb2KSh_d4Gtgi8R07aKAsUC5zNhykjgfAExgLMphKb8vkrQjaxLeA47t9OygIN-GEBJ9nY8KGIgOjuehzakJ1OaVbAv3z_fw,"<!-- Handpan Studio — the lesson block for Webflow: THE IFRAME ONLY, in an Embed element below the video.
     The bridge script is pasted once, site-wide (Site settings → Custom code → Footer code): Copy the Webflow footer script. -->
<div style=""margin-top:16px"">
  <!-- allowfullscreen (build 2026-08-30a): the notation's own full-screen
       button needs the iframe's permission, or the browser refuses it and the
       app falls back to filling only the iframe. Lessons pasted before this
       build need the two attributes added to THEIR iframe tag by hand — the
       iframe is the part a re-paste deliberately leaves alone. -->
  <iframe id=""hps-app""
    src=""https://davidkuckhermann-art.github.io/handpan-studio-app/player/?k=fcd73a45100059e0&follow=1#p=z7Vzbbhw3Ev0VYZ42gETwfvFb7CBYIFlgkdfAD2NpYmttjQRdEiwCf8h-xP7UfslWd1exOCRn1JrYsWP3Qy46ZLNYVYcs9nSf_n31y_Xt1fp-9Wz15ubi7PzN-uZ-c3t3planq_vL-3cbaHj-cPnu4nL7-uT57eXF683dyd9eXF_dXN9d3l9eb0_UN9CVrls9-_n33RE1tF5ewB-vcJSzV9MoZ3eXVzcw_tPsXD_c3g19_77eXtystycvrq_fvoJ_oO3d5u7uegttRlj4c_1w_-b6Fv78bv3r5cXJDw_nb99sYGLbLTT-dnt5f7_Zfj92uDh7-3B7cZaGqWzA4OqZ0v50dbUBj8Ahe2pfnq7uHl6tnpnT1av17d0_N7c_Xf8G3QDenA-zA8d_X32rhn8PHeAqiAOEQJ6ufgULv1xu3l3A8L-M17yBuQP40-r96dhJNZ1M20k3nXzu9CN1MnPM2Tnm3Bxzfo65MMdcnGMuzQpmG_KOPdXGPJYGX57uy5-ekz_7wfLXMdfmr2PuyPx1zLX565hr8xfn5K8XzDbkHXud_KV5-euRoenk5uQvzMlfx1ybv465Nn8dc23-Ouba_HXMtfnrmGvz1wtmG_KOvU7-wpK_D5m_9Gfnb3f_fMm1VKX3p6tv9VIbl9q41MalNn4Be-tSG7-g_O2UKg2l6vmc2zg5J9SdLfjIra5jrg11x9yRW13HXBvqjrkjt7peMOedDo5eKkupmleqZm11H7JUzTxqLFvdUqo-Sf46G9rXcRsn41Ab59zGLbVxqY1LbVxq41Ibv7La-HXlr6mN41PL8eaRHh0afnSodx8d4p9HVdHXb67v7let85j_m83tObTC2Kv79dtVO4w5PIydOYzbN8x-Zh_tU9Vcu7Jvrj_C_76G__5Q-bZvODd7uI_g45K3JW9L3pa8ffK8VT3fbq_Pd_w6Hb1_vOePU0-3Uyqjz6VSL6Xyc6XAsnSXvC15W_L2Beet-yNr7dDhX-va2-Sw16d9P1Pt1Mb4Horj-vZ2vX29udps4eqfh7dKx9dnxgeT4y-wfKvJlfQ09xuq6L-35_9Y34wv4453skEEmOvNGK2rt4Dke9woXNBjk8lYElr5EfMFFs0IJYK0FBa7DY9NEVRCyjiBrgA99YwZ1EKbaVJaFWA003S0zaARdhpSh4xZIXFIIwvQIZad0U4og6AvQJ8QZH-80Hi51QU4mbbsTRA44DCrnWjqCLOapu9K0EUE2ackoGECQwH6CfPZJyOFkdPV3hRgdBOWfTKKpuVTgaU4xThkl4wWLk0jhuyUMUJNpkMssDBZidkZY4XBBEVbgDFNZmJ2xjhhJyyxM17IGCbQjPuAKpqQh0NidqJqIOByci2lAowOiSbZtygMJlZJV6BJU192LwlHrFTZmJVCooNK2QJ16A0spowq4BYuAFmAXuMAOmfMauiKU9C-QInukPyMAt8RNLoAE-YXQptRYDwZM9kz63gRWlWgFLDBlZ0QWy8U-WdDgQaKm2MHg9AebTpToIG6sn-QDo-TdqlAkX_Ks39JmIgDeFegKaPZPydpnauQXXCQDEmoLVDv0bGQHXOw91AsoizQmLep7JgzwpBn0Rdospj7mHap7CApU8vg5k6coSknPPEkYY-iK3wBWgpzigUapZo2Qykru5BEHbBNN20OW2yBBdxvtGS7QUhMj-bFAqjFnU0rWaDB4mxUbRH2Qm-wzTZtJtLe7ws0SLLBllPe6TWvMkCpeGhdgD6gSV2bBCYlGsbvtvlhj8VA6FigHlec5hoDKA3Di9MroQOhtkAdTcfUJlVezpoXrgdeole2rtTQ5jw16gKNgVC2DLt5ItQXqFMJ0TjNZzw0qqJHxF1Ku4pd3gqFfNROF6glz7m6ARoijcP2geaUXxcLFBeS9rVJBwUI3fAVvTyUEgqHtwVq0EOujAAGSV3ZLvAct04dZIEag9MJtckgvKUrKnrROgpsFTiuMTJcUwGlWfPGA2ByOHDk0MIxjKjGtRZQj5Va83YEKK3ZWB9KApzTDC7-VKI0OG9EQUHlITQUaMLMG5knHYCPGFUjTYGmSOeyPL0AFc3QCKlAaQ0YPkEGYBSGyPAREtCUEMzBDPmIYfgICWDKKHvmeQZ8igQ0YUYNL_EAex1uB4YPkoDSkdHUJ5QQhc2N7B_sXFg-zWClXGnQZtEfPllGyYdaGwuUzh6GT5URDtp02OWFB6ijkPK5Muq8VgyfLAH1DsHsZYSdIyDoCzBIOkNn96KFA_wE8uESQNwODB8uo8tMNrwUAI3kQVS97SgGgTVnrBZTyF8OrTMVhuuLX9fb881w2zVTY3hydvItXvQnyg0HanfUhvaPqw39zg8E5zDD4f-_v1r_i25PD79L0r_myGfIx6okZgkg2k7z3onpPR9ufyHo3PyrR14y2v-TRT8pz__3n_8ezIvu5qW6rE1N59WSI1PTeZVl1ktNbafeSzGzXjHqpKbzhlwnNXpeakI3NS8O5sV08_LiYFI67xsc-jHpaa9TzHpTou00TwrUe1Ni1osnnaSYrzopHeJ-3KTM28R2k_KyKFJzZXxL0VmKzlJ0lqKzFJ0vISk77znKufq4_nbz3dXl9qk14PA18tFr-o9pZ-oJhqdxw33m1cP9Zv_DzLt365vO0O2Tv87DyiN14vuL0T5H0-Hny_RS7L7LVf-p6lPr1yz5RmfVznx1-sgqZ7ss-jDF8cn826-HOIZyndFaynWK3l-Tcr0SMCvCHcrNVFscUyhclzh_tLg8mWn7D9DHMK0zWsu0Trlrmba_SH1ipj0elg7bekeclm0zP9GwsO2Ds23_zcPns6_17jeOZdo-hed4g18LPA-ejSbmNIeug8e6edfs1vED1zQxHnvrzpB7j3XjFYauOMDF3feeD0XFzQmDn-N32OMojhEPxyEdvnp6kn-gXXWmGGsj6vFoj3Tt9ArNWHba-w4etHbpUB63Dh7rZl92iHz1ZfP5pz8e_5rw9PjXBOMvyr-WM49Hex__Wi73-WcOEOnFHha5I65pfNt3zXzamY9HuyYqPdo1YejRrvH7M6HdY1HpUq8JS5d6aaHeF029bqobAnYn8tMBcjU-DbSpz3CtEFnvfavg81dXPaKI6M60_pn00amEfVP5hGqKw5597dFZWLOwZmHNwpolOl9jdBpR-m58DonSO080Wzn6cmBaiPiFRWdhzcKahTULa5boPDE6VXPz21Pvd5rm15zer1jNz8--Ppt8jM8BaKPEJNqsNIZDA6llbca0sKjzihkzWXyUhVsD6FH7kzWdetCLk1y1wEiOrdmMEyT1YzNekBxKFxhKqthGEBZlk4Nq8nXpUBTSoljfFqD3pODPYBIKpWBOF2BCsV2WMepBC45BymIqPUjBUbpfaauHJpT_Z_GhthBUFB9m7ZS2Q1QR9AWIc41szArU-WZd4IBFjH5kMy7r0hKb8Zj95AuIFJJKspkgDInLpS3QZKgvW4rCkb6dKWEhqI7E9L5AAxGFWeEkS_cr8a52CvFK26gHeXdWxWezo7ybVPG-GkpniauybNwIizxRTBRnsxRaMVMA9Si5HZ3bGd0J7WsZ_IDGSIp3tumzgFJ5tjnIr2kVxWr0kHV4imkziKkz6gs0kT6dTSbIEirNYxVjL4UiaTozCNBAIvRKzK69EoY-GsBcGpTNjrTmsrKhhSN9KTNqUCvTHhF31y80BbqAaeWHj1CQeryyAHuLImF49tvD5qJZF75jAVYDbTy88wBKW4Q2VY4HiXAWe_tqNFgcyZGCO6Ow4WCGWKStPSyO3LfKNLRFkizzdhRgiWRVdZWMoIQkXXClox7a6JMUrJXWYRCb0xWVfWiLWerM9mGVuERC5-oKWCt5A5cFSmtF14QLju0z4YKjT5voVAV-0PBS3WC-BVgwpOGt-QZtXpFGmR2PQmNRGmX_O1dECHytSdaDWleiLLZmHLSRtlXX9XSQ7uInVEy9p0WoGJ4ujAUaIimSK_-jFsZRmy_QrM62lf_RCFyKhnkXLSx00h5X7g_yXaSYYd5FB-sNA-Yq96EtadIG57xH2Nso8L52nFW9XBABDKwmri6IdIYwvL8BGPGzHIb5FlP-AlCs63CSVKIN0w3AgF9KMFwikxKW-jLTkhYynzNkgXo6YjDHkoESRH1jgUbMlWV2JZuLj-UqmVw-DVjeyQD1hlC25uFAgN8pYi4BGvErG5aLYwqkPLdMogTnJAR52wIwYKYs0yclYRCrq3FKmQs2swcWJXCBPqLkM5q_nWMzbQaQ2D9-A6DYWo0E9ltqiwVKJzQb2KSh_d4Gtgi8R07aKAsUC5zNhykjgfAExgLMphKb8vkrQjaxLeA47t9OygIN-GEBJ9nY8KGIgOjuehzakJ1OaVbAv3z_fw""
    style=""width:100%;height:820px;border:0;border-radius:12px;background:#FBF9F6""
    allow=""autoplay; fullscreen""
    allowfullscreen
    loading=""lazy""></iframe>
</div>",5330
4.1,Improvisation 1,,289 markers,2:25.7,4:48.0,Code Embed element below the lesson video. The iframe only: no bridge script belongs in a lesson embed or page template.,https://davidkuckhermann-art.github.io/handpan-studio-app/player/?k=fcd73a45100059e0&follow=1#p=z7Zxdb9y6EYb_SrDXjiCSM_zwXdGi6EFboMhtkAsn3iRGnF1jbefgIMh_70ia4Us7caq6izQfvAiQPOJqKHL4cERv_HHzen94f3azOd28vTp_6jcnm4tz-cfry7MP-9vD69vLp68P2-31zR-X26dOrt5c3FxupcFv768O-w8X12c3F_vdk-nKK2l_PV3629nu_Ops9-TP-_27l_JHrl1ur6_3O7lGw9T07Pbm7f4g__zL2YeL8yd_v3317u1WurHbycXfDxc3N9vdX-cG50_f3R7On5Yp8vb91X5z6rw72bzf3mzl8nM6oRcnm-vbl5tTf7J5eXa4_tf28Gz_uzQTvH01de56c_px89vu5rCXbspf9T4lLR-Quzz_uPkwPfPF9vJcAr2eP_1WnkLgsyny5nT8dPJZo7CmUayN_vFwo8_C-TXh_Jpwfk04WhOO1oSjNeHimnBxTbj46cXJ88dNDK9plNbM3qqJ4TWN0prZWzUxvKZRWjN7qyaG1zRK62avr72-9h5Yey9efDpRlfuu8p5OXeVd5X3t_axr75iLYd45_tTW_87Fo-8a7mipFI6WSvzYVPrsTumIWeKOpsxwtCzhx66ntG6kek71nPp6Tr15u7--2XxhjGZ7-W6vnmndXj2nvrecWvQUWj1Nh7TfQE_l26ZS7qn08-up59SvWFxRt1fPtF5c_bc5lY6WU7nn1FeKK76jJ_omeso_qp56KvXi6oFwj86p0nPqf8ip2WGxO6w7rDvs1y7bFxWkOyr4KY-yf-DKuHxbFeT-ttVz6hg59eUTnmOeEuXure6t_5u3_JqRoqPllF8zUnS0H8H5H-zk8Z4p_oOMnj384F_4Mt0qGZU7MipdRl1GvYj6RXPqy6YIR3dVeaSr3Nhl1WXVK6dfqHL6qXJqkdid74_73L-B2b8k8ENWXP2nIt-pxMrRcqo8KDHfJdYl1iXWf7T7Q35P0935mnkY-4tkf5Hsp1791Ov7PPWiLqsuq37q1U-9HtRNWJMoX193XxFXfKy47nzfPLguri6uXmX1Kuv7rLJil1WXVa-yvnGV9eCi_LXrK3GSSOnscDjbvdm-3-4EPq-_fha_vXD-bVTzL3WZf3XC_D-Q5__nN_9Hmfkr8vP3TefveS1foFh-Arkc4S8nYcsr5lKvLSKcfhvuH7tX_zy7krAf50EkHtJ0zH-loz6zOBCFmfnK0jDSjKhBkZaPxsryELyfWa6sDKNb2rmxgXFBNQSPg6fls44amIu2rFHYDay9cTUM-8G5BfqxgYmWj3sECkOIS4c8AtEw-rTA2MCo0T0C8eDLEiiMDcxRIQLJQJbliQICyUjG5Z4hNjDy0qWAQHnw2pLGBmavEIHKQEmnpwaKo0yZtowNjEFb1kDRDV6fnccGJu0810DRDyGXBVIDS9GPI1AY2D4uD_ZGF-x8iQaX3ZI4YwOzXzoW_b32LPm4XEHMOIwjLzA2kGnpXcTDyXi7pSNpbCDnZWwSHi4PblRIDUyjfhyByuA09VNuYFxGIdc4aRycjkL2DbQ1l2uc5AaXluA5NjBpj3KNk_zgNdHL2EBL9IJAYfC8jEehBibNqoJANPi89LPkBua6cBGJZYkb9Q3N7JQiVhwC65IeY0NzYqWIloagA-DgCaE5JaWIJppJRSk1NEejiFaGoFPgYAuhOQc1UI2WR0lvFQt8ITRn7S-EkZ3cV3sGYwgt0e5bo2U_UNA-wBlCi9MnhjRyGEjzyMEaQos9MbSRaSA2mhtaks4FxJFlFdkTwxxCSzKKaBH9hTuEFtZxgDxyGkgXroM9hBavbaGPnAeyJ4Y_hBbdNBwEkmXesrXNDc02m5BHGQftQfQNK85a1ljFIRsgDqHFaW9hjiKys7GBOoTWHQnuKAHZAHkIzVnXCuxRCNkLfQit_YVAiqw2m0sYRGjNXiikNKsNDhGa1SEOEimy2mwuYRGh2XIPGimy2oLeAR4RmtWBDiIpMmvO7pAbml3Rvdmiyd9kIzXqG5qdU0qVyhalW3YVyQQT2Q1ypZMflbqxockrRKwgO5E1pYamUXvgEAy7lne5oVFnwnsE42F-1Zypb2j0RhFNdjJ9Mh8byBbMI9hUOigNY0NZleMDguVh1CXsAzWUdS_1ITa0FGuLaKUKw9PYUBOGrxqRcUbJWDUy0WLRqka8cyIXVpobmoveoWpEpkqEoVUZ3y0LpmtFd2bPdO-aLMdsn4sNzRaZEVmWI1nlNzY0q6p8xHNyTW8fqaHJokVEi5KyOrMxNzSxtk2IlmoF5pNvaBqNIpqUKRYtxYbGZBTRpkJFaR4bGu3ZqlQkfaX8sbbUULZoVSreu2Fku0NuKKsofJXKRItuqr4gmsysbqq-UENrxhREky3RaW6U3FCTYIBUPFVpB0hFaGajiDaVMkZjQ63wDbCKl9lUgQRYRWgipxTRZDaVUcOiqjVAKl7mMtnnc0OjrvMAqXh5j1JdBkhFKCejNVqQ2p-NxoayWjTAKkKLznCAVYKrZUiAVQI2ygCrBGyUAVYRWl-JYJUgK1NnOMAqQrPOcIBVglSlxSg1tI45rBLkraze4e4Lx3QtFv0E3BLioIsgsG9g9DpwjJAJQw-dhEm8OpzQSZjEqwMHnQilYm99vqHFhgg6CSJe0kGGToTWoYdOCBVrgE6EZpV_gE5I9lAbBuhEqJbdATYh2UN1VwqwidBowwCbkGyiarQAmwiNNgywCVF1TIBNhJpjAmxCXB0TYBOh5pgAmwgtRQcHNpkOMmx4YROh5pgAm5CUsWPQl-2xofZaQ7DJdMoRjFJDkxYTBJtQkZd4o7mh9gpIsAmLgfXFiNy93U6uRbJrNSbLW6M3GhvKmhQEq7CX6kEprCKU1YEEqwgtWn8QrMLiYRsNWEWo6pIgFUaNS5CK0KxJQZAKY1MlSIWxqRKkwqJhTQqCVIQmGwZIhZMMpz4apDIdteiWSHSvbGDRcbBPxIZaMUYoWLjUEzE4RSCP-tiQitCiK4QglSg1kw0GpBLxskmQSpTXFpv9ON7ttFwzdxLUEn3drwhqEZosc6GWiDKYoBahdr5HUEvECiaoRShH7R_UEmUFB6OxoVZXEtwS8SJKcEuUFawlM8EtQrWwIqglyhuNvgwQ1CI0j9YWwTKyCGqZjnqc0XvLbzrxsSUFwcxHPvqAEMx06GNLCoJJY80ihmCSFFK63zAEI5SSHchRQ4umHEMwCZsvQzBC7YyFIZgUasHDKFfmEyGFCEb1LYphFqFWZTLMkrhWmQyzCI16RMcwS5LXHa3EGGZJ00mpDg7MItQOMhhqSdOBg_YMamkOihhqmQ6KrGdQy3RQpBPNUEsSU9uQQS1Ck-4WDLVknOsx1CLU6jZGvZLF0aOdmcaGWt3GkEr29RSaYZWMWplhlen4SGXFsMp0fKSv-zyleJvEcs0qMr53KCsV_6AVA6NqEZisk1BLllIr2HkvNdTOyhlqyVJk2fBBLUKjbrYMteSEtQC1CNVDDYZZpuMlO4cWs7z49G8,"<!-- Handpan Studio — the lesson block for Webflow: THE IFRAME ONLY, in an Embed element below the video.
     The bridge script is pasted once, site-wide (Site settings → Custom code → Footer code): Copy the Webflow footer script. -->
<div style=""margin-top:16px"">
  <!-- allowfullscreen (build 2026-08-30a): the notation's own full-screen
       button needs the iframe's permission, or the browser refuses it and the
       app falls back to filling only the iframe. Lessons pasted before this
       build need the two attributes added to THEIR iframe tag by hand — the
       iframe is the part a re-paste deliberately leaves alone. -->
  <iframe id=""hps-app""
    src=""https://davidkuckhermann-art.github.io/handpan-studio-app/player/?k=fcd73a45100059e0&follow=1#p=z7Zxdb9y6EYb_SrDXjiCSM_zwXdGi6EFboMhtkAsn3iRGnF1jbefgIMh_70ia4Us7caq6izQfvAiQPOJqKHL4cERv_HHzen94f3azOd28vTp_6jcnm4tz-cfry7MP-9vD69vLp68P2-31zR-X26dOrt5c3FxupcFv768O-w8X12c3F_vdk-nKK2l_PV3629nu_Ops9-TP-_27l_JHrl1ur6_3O7lGw9T07Pbm7f4g__zL2YeL8yd_v3317u1WurHbycXfDxc3N9vdX-cG50_f3R7On5Yp8vb91X5z6rw72bzf3mzl8nM6oRcnm-vbl5tTf7J5eXa4_tf28Gz_uzQTvH01de56c_px89vu5rCXbspf9T4lLR-Quzz_uPkwPfPF9vJcAr2eP_1WnkLgsyny5nT8dPJZo7CmUayN_vFwo8_C-TXh_Jpwfk04WhOO1oSjNeHimnBxTbj46cXJ88dNDK9plNbM3qqJ4TWN0prZWzUxvKZRWjN7qyaG1zRK62avr72-9h5Yey9efDpRlfuu8p5OXeVd5X3t_axr75iLYd45_tTW_87Fo-8a7mipFI6WSvzYVPrsTumIWeKOpsxwtCzhx66ntG6kek71nPp6Tr15u7--2XxhjGZ7-W6vnmndXj2nvrecWvQUWj1Nh7TfQE_l26ZS7qn08-up59SvWFxRt1fPtF5c_bc5lY6WU7nn1FeKK76jJ_omeso_qp56KvXi6oFwj86p0nPqf8ip2WGxO6w7rDvs1y7bFxWkOyr4KY-yf-DKuHxbFeT-ttVz6hg59eUTnmOeEuXure6t_5u3_JqRoqPllF8zUnS0H8H5H-zk8Z4p_oOMnj384F_4Mt0qGZU7MipdRl1GvYj6RXPqy6YIR3dVeaSr3Nhl1WXVK6dfqHL6qXJqkdid74_73L-B2b8k8ENWXP2nIt-pxMrRcqo8KDHfJdYl1iXWf7T7Q35P0935mnkY-4tkf5Hsp1791Ov7PPWiLqsuq37q1U-9HtRNWJMoX193XxFXfKy47nzfPLguri6uXmX1Kuv7rLJil1WXVa-yvnGV9eCi_LXrK3GSSOnscDjbvdm-3-4EPq-_fha_vXD-bVTzL3WZf3XC_D-Q5__nN_9Hmfkr8vP3TefveS1foFh-Arkc4S8nYcsr5lKvLSKcfhvuH7tX_zy7krAf50EkHtJ0zH-loz6zOBCFmfnK0jDSjKhBkZaPxsryELyfWa6sDKNb2rmxgXFBNQSPg6fls44amIu2rFHYDay9cTUM-8G5BfqxgYmWj3sECkOIS4c8AtEw-rTA2MCo0T0C8eDLEiiMDcxRIQLJQJbliQICyUjG5Z4hNjDy0qWAQHnw2pLGBmavEIHKQEmnpwaKo0yZtowNjEFb1kDRDV6fnccGJu0810DRDyGXBVIDS9GPI1AY2D4uD_ZGF-x8iQaX3ZI4YwOzXzoW_b32LPm4XEHMOIwjLzA2kGnpXcTDyXi7pSNpbCDnZWwSHi4PblRIDUyjfhyByuA09VNuYFxGIdc4aRycjkL2DbQ1l2uc5AaXluA5NjBpj3KNk_zgNdHL2EBL9IJAYfC8jEehBibNqoJANPi89LPkBua6cBGJZYkb9Q3N7JQiVhwC65IeY0NzYqWIloagA-DgCaE5JaWIJppJRSk1NEejiFaGoFPgYAuhOQc1UI2WR0lvFQt8ITRn7S-EkZ3cV3sGYwgt0e5bo2U_UNA-wBlCi9MnhjRyGEjzyMEaQos9MbSRaSA2mhtaks4FxJFlFdkTwxxCSzKKaBH9hTuEFtZxgDxyGkgXroM9hBavbaGPnAeyJ4Y_hBbdNBwEkmXesrXNDc02m5BHGQftQfQNK85a1ljFIRsgDqHFaW9hjiKys7GBOoTWHQnuKAHZAHkIzVnXCuxRCNkLfQit_YVAiqw2m0sYRGjNXiikNKsNDhGa1SEOEimy2mwuYRGh2XIPGimy2oLeAR4RmtWBDiIpMmvO7pAbml3Rvdmiyd9kIzXqG5qdU0qVyhalW3YVyQQT2Q1ypZMflbqxockrRKwgO5E1pYamUXvgEAy7lne5oVFnwnsE42F-1Zypb2j0RhFNdjJ9Mh8byBbMI9hUOigNY0NZleMDguVh1CXsAzWUdS_1ITa0FGuLaKUKw9PYUBOGrxqRcUbJWDUy0WLRqka8cyIXVpobmoveoWpEpkqEoVUZ3y0LpmtFd2bPdO-aLMdsn4sNzRaZEVmWI1nlNzY0q6p8xHNyTW8fqaHJokVEi5KyOrMxNzSxtk2IlmoF5pNvaBqNIpqUKRYtxYbGZBTRpkJFaR4bGu3ZqlQkfaX8sbbUULZoVSreu2Fku0NuKKsofJXKRItuqr4gmsysbqq-UENrxhREky3RaW6U3FCTYIBUPFVpB0hFaGajiDaVMkZjQ63wDbCKl9lUgQRYRWgipxTRZDaVUcOiqjVAKl7mMtnnc0OjrvMAqXh5j1JdBkhFKCejNVqQ2p-NxoayWjTAKkKLznCAVYKrZUiAVQI2ygCrBGyUAVYRWl-JYJUgK1NnOMAqQrPOcIBVglSlxSg1tI45rBLkraze4e4Lx3QtFv0E3BLioIsgsG9g9DpwjJAJQw-dhEm8OpzQSZjEqwMHnQilYm99vqHFhgg6CSJe0kGGToTWoYdOCBVrgE6EZpV_gE5I9lAbBuhEqJbdATYh2UN1VwqwidBowwCbkGyiarQAmwiNNgywCVF1TIBNhJpjAmxCXB0TYBOh5pgAmwgtRQcHNpkOMmx4YROh5pgAm5CUsWPQl-2xofZaQ7DJdMoRjFJDkxYTBJtQkZd4o7mh9gpIsAmLgfXFiNy93U6uRbJrNSbLW6M3GhvKmhQEq7CX6kEprCKU1YEEqwgtWn8QrMLiYRsNWEWo6pIgFUaNS5CK0KxJQZAKY1MlSIWxqRKkwqJhTQqCVIQmGwZIhZMMpz4apDIdteiWSHSvbGDRcbBPxIZaMUYoWLjUEzE4RSCP-tiQitCiK4QglSg1kw0GpBLxskmQSpTXFpv9ON7ttFwzdxLUEn3drwhqEZosc6GWiDKYoBahdr5HUEvECiaoRShH7R_UEmUFB6OxoVZXEtwS8SJKcEuUFawlM8EtQrWwIqglyhuNvgwQ1CI0j9YWwTKyCGqZjnqc0XvLbzrxsSUFwcxHPvqAEMx06GNLCoJJY80ihmCSFFK63zAEI5SSHchRQ4umHEMwCZsvQzBC7YyFIZgUasHDKFfmEyGFCEb1LYphFqFWZTLMkrhWmQyzCI16RMcwS5LXHa3EGGZJ00mpDg7MItQOMhhqSdOBg_YMamkOihhqmQ6KrGdQy3RQpBPNUEsSU9uQQS1Ck-4WDLVknOsx1CLU6jZGvZLF0aOdmcaGWt3GkEr29RSaYZWMWplhlen4SGXFsMp0fKSv-zyleJvEcs0qMr53KCsV_6AVA6NqEZisk1BLllIr2HkvNdTOyhlqyVJk2fBBLUKjbrYMteSEtQC1CNVDDYZZpuMlO4cWs7z49G8""
    style=""width:100%;height:820px;border:0;border-radius:12px;background:#FBF9F6""
    allow=""autoplay; fullscreen""
    allowfullscreen
    loading=""lazy""></iframe>
</div>",4447
4.3,Improvisation 2,,195 markers,0:00.8,2:02.5,Code Embed element below the lesson video. The iframe only: no bridge script belongs in a lesson embed or page template.,https://davidkuckhermann-art.github.io/handpan-studio-app/player/?k=fcd73a45100059e0&follow=1#p=z7V1Nbxs5Ev0rgc5Kg98s-jYz2cUOZhe7yDXIQYmVxIhtGbKcwSDIf9_q7mJRakntkix74oSHQcaPbFaRfHys6marv04-LJZXs9XkbPLp5vylmUwnF-f4x4fL2ZfF3fLD3eXLD8v5_Hb11-W8K11drC7nWOH3q5vl4svF7Wx1sbh-0Za8x_q3bdG_ZtfnN7PrF78tFp_f4X9Ydjm_vV1cY5lrLP45u1t9Wizxz1ezLxfnL_64e__50xzduL7Gwj-XF6vV_PqfXYXzl5_vlucvU2t5fnWzmJxpZaeTq_lqjsVv3NS9nU5u795Nztx08m62vP3ffPl68SdWQ3j-vnXudnL2dfL79Wq50O3_tZXwyjdfJ1_afl7ML8-x8Q-TMzOdfELPEXzdWpucqW_TrUpOUilwpX8PKn38tLhdTYZtmB1tbHljJd5YiTd2jzdU7MedDTtM6GEl2FHJSiptOQvj3mglcUdriT87a205VGrt8ch9ezt9c7-1XY57SaV4AnZZCXG8pFKUsmuEPkrCDP1k9FEiYugT0yeX26Po9dOLF7XhdrQBwzaqhFUJe4CE7eJYknDse9C5PaqjR_uUWzGS1aXHx3iNY285qEs4pn2MZmqMVmWuylyVuRrOVZ2rOncSnZNt21UNf1g1vJkv3yOGMdVkNfu8KVIf8d8_hkTad8EWo-5Tvfsacvc05DeiRBzfyS-PcRdPtM4Ok8a1nt9ezm62uuYkrXmJ80HifDyZSCaRJh2ogveN1k4N227PilTViXrgT6iHWqJAhwneMfyyEn55Cb-ihF_HSd_x_FIn5pcS8UuflF9Vv6p-Vf2q-vUs9Ovt2lPZ9g7eL6bGZvdzD6q2HaZtULXtEG1LVdsO0zaosVnVr6pfz0q_koRfWwOfRI8m1WF3XUfbMqK2RLcxd3LL3ReXtffMfn0m98zGGPxDaVp6qKaNqstj61l8cj0LD9OzQ3l1Oi2Dp43F0kNjsYN5dco4LD63OKzqVdWrMy0ZL9EjWCeJKOozxsOfMW4FRL-NB0Ru76Nq0UNv-fNst_cptOh5tvxRtZM8qt6_o-02BBJDSWIoHXGmwol0xIt5dWiULbG1pjO7rYk6JuqXOQEpRJ064v0Qt1dVxgzB6A46thHZpyHQaErnpKdgp1V_Tqg_RqI_9rnpTxDpT3xm-mMk-mO_K_1xIv3xIgLJlEV2SykdSUapSkksDuIsVInJqy7O6t7PhPb9zPb9UHpR83s53y9O12bL9i3Zq7vVfEC0--6WgiQT1LIc9vi9ZzuhCqKdU5QlGFE6aIx0yIyoB0bUAwMS9lr1GMdf5Vyzj8c1-yhqNMY1JeKaPiHX1Im5pkRc0yKugZBrDxS_qmtV16qunVbXOjpNxyYs14rTseg214LpWCdyrTQdCzupllHTsa7mWlrilzESv4y91697kwRRcmOCJCqVa-1aVNpSZPLqUV8y3b02zME6XE_iPs_THulRnzYcQTP7eDT7qQ7kDkfupznBVqWtSluVtseVtnqeTXieDdrzbKaeZ6vnQ-p5tnqerZ5nq3pV9aqeZ_t5z7N1d7T-IT3PJnpiOkIEkBDhwJ8COuS3fk6Q673eLzAgue3sDsv1xoJwEAXhhz4tGRMY2P9MZf8vsEwroyqjKqMqoyqjngOjdg9Sven00JtOtt50qklcvelUbzrVm05Vr6pe1ZtOP_lNp19dDYiqwNSAqAZENSCqelX16kcLiB71Gwpbvx3637vVclE__nPkJ_Tq9y7qd33qd32e4Ls-f_93e8Zk_OinCamKzFFfxPv7pOaptGRtowbz7Vt7yno5u_44v5pfY_mb_GVl_nxf94WW7qfAu9-d7H5rqfshgO69q-7sbndepXug0t1EyHt_-yXnv67f_2d2g-12b5ypJkYc8xvqdjvgjdOuQ1x3R0Tnd9MaZWOHAyMBfIdos1HVNtZAXxAYSr6v275Vt1bXNR76Zk1-H9A3xoQego26vgHfF1hDUGhc6i-3YaNubLTvC5xiKAaCNrsGjXO9vy73LWFve8hv9i1xp33um1aNSbbDgipYcv0wBn7PUTc-9v6HzY5p0xjVtxBNwcD2UxM3u6Zt46CvDWzPNVqZHtvsHJZEp_uS3DvtGxv6XqTN7umAHe_bSaFgwfSeaLU5ezo2VmkqcgWEZAgcdBQa76gpzT1NOFdEJD3oakJ-BuKY4vcyG5sy8VwBEw2KNsxQHHHdT7lmyhjT6NymDQWMkS5nwhgksiVDzhUwWbqc6WIc8pD65dmQb1Q2xGRBMAQyxGwxASlPlzNdEARNlwc2hAMeySWmCoIp0IBHNoRDrWkVMk0M8joPHbgChkCTyBSxSOo8nskUEHwGN2fKom64vMJVARMkArM5a3gZGMXmbKOJpYaJgWBUJA5FSVxjYt9Zw5RAEGgJG6aE9ShllkA2RJaZDjYgJR2BbATlQ5HjTAcEA429YTpYaAxdzWxADBRVZDbY1GTbTAbEMpcMk8GpxtOaMkwGpxtF4mWYDAgGTTWZDA7pnfvDZEAwjxlzwVmUrayzroDgqUnmgnO84AxzAcF8NSuF88i5vqJlEjiUFCDMFSy4XJHNxMZQdyxzAMGYFZ454ABXgaWdQBUQQiKQ9xKcM0Ntcic9NDrXHOgfFkVaNW6gdT7hivBUBAWEvF0OtCugTNGqdMYNi1LvlLOb9gMuI0_23ab9gDuwClQEwyLvyQs_8AIXFm0tLrhhUaC5dnHgBm4npGcO1LAoOtpGYeAG7tzEEzeQBywC17vh1cCNgOzq3fA87Qgmigs8T3uI2E1Du3Ke9gAoaYFAV8AsaZ6XfsAJJEH1JYDAHQaoJi__iFNnaJcv4QOKH4UEvPojTpfNFbOdiBNFPPa8_BHMMuN5_UecHOoPL3_Essp4Xv4RRU8nAqGAec_yvPwjbu205Xle_ghCHg5e_xFjpzwcvDQQzIPJyz9GXtWel3_EYffkEa9_BIPKkRDbSRyKBRYABKPNNbMhwD2HRC4wExAEGs3ATADd2BxeMRMQBJqhwEwA0zgKaAIzAcFE8U9gJoBtiFyBiQAOt3CqyERAMMdDgZkAHjWFOsRMQDBvYIGZALjZ07ILzAQom31gKkDMW0ZgJiCWFPWcmQAYwdISCswEaGNY8p2ZgKCngD8wE5JCGpLvzAQEQx5NpkLSGKiQIaYCgpHWamAqJNNYGs7IVEAQiF6RqZAwnKXhjEwFBBP03YxMhYTJAiUWkamQMMqCHDurAgbagSNTIYVG09KITAUEI41nZCok3IkonIjMBQSzUkTmQsKdiOYoMhdS2YliyShS43KMz1xAMAUytJZPYARAuhDXMgoMASj9iSWnQNTT1EfmA6YCOKPkwUDa27IQaRhisWl5ZmPJKhCNtFAiFJuoRkSNWHIKRIG2zjjMKhSqEsV8seQViCaKskAVm4FXLJScAtFELYAqNlGacgsln1CoTbTZgA5rqKdIAkyx1qoTWTMlU1O41wKhsIZG2t-AuaLbtI5CQBgkobpN7GjOgDnTojlXgUEqqjG5i5T2gSuWMb_ISdwgIdWYzGnakKFwCFFqJQxStjadI3fXUtOIm0G-oJjFQCnSMJTEFNFEigyFQG2qRksOCoFMG8zSABQCYV6mXUZhDY2UHEIqaTAKePYXqfP22_8B,"<!-- Handpan Studio — the lesson block for Webflow: THE IFRAME ONLY, in an Embed element below the video.
     The bridge script is pasted once, site-wide (Site settings → Custom code → Footer code): Copy the Webflow footer script. -->
<div style=""margin-top:16px"">
  <!-- allowfullscreen (build 2026-08-30a): the notation's own full-screen
       button needs the iframe's permission, or the browser refuses it and the
       app falls back to filling only the iframe. Lessons pasted before this
       build need the two attributes added to THEIR iframe tag by hand — the
       iframe is the part a re-paste deliberately leaves alone. -->
  <iframe id=""hps-app""
    src=""https://davidkuckhermann-art.github.io/handpan-studio-app/player/?k=fcd73a45100059e0&follow=1#p=z7V1Nbxs5Ev0rgc5Kg98s-jYz2cUOZhe7yDXIQYmVxIhtGbKcwSDIf9_q7mJRakntkix74oSHQcaPbFaRfHys6marv04-LJZXs9XkbPLp5vylmUwnF-f4x4fL2ZfF3fLD3eXLD8v5_Hb11-W8K11drC7nWOH3q5vl4svF7Wx1sbh-0Za8x_q3bdG_ZtfnN7PrF78tFp_f4X9Ydjm_vV1cY5lrLP45u1t9Wizxz1ezLxfnL_64e__50xzduL7Gwj-XF6vV_PqfXYXzl5_vlucvU2t5fnWzmJxpZaeTq_lqjsVv3NS9nU5u795Nztx08m62vP3ffPl68SdWQ3j-vnXudnL2dfL79Wq50O3_tZXwyjdfJ1_afl7ML8-x8Q-TMzOdfELPEXzdWpucqW_TrUpOUilwpX8PKn38tLhdTYZtmB1tbHljJd5YiTd2jzdU7MedDTtM6GEl2FHJSiptOQvj3mglcUdriT87a205VGrt8ch9ezt9c7-1XY57SaV4AnZZCXG8pFKUsmuEPkrCDP1k9FEiYugT0yeX26Po9dOLF7XhdrQBwzaqhFUJe4CE7eJYknDse9C5PaqjR_uUWzGS1aXHx3iNY285qEs4pn2MZmqMVmWuylyVuRrOVZ2rOncSnZNt21UNf1g1vJkv3yOGMdVkNfu8KVIf8d8_hkTad8EWo-5Tvfsacvc05DeiRBzfyS-PcRdPtM4Ok8a1nt9ezm62uuYkrXmJ80HifDyZSCaRJh2ogveN1k4N227PilTViXrgT6iHWqJAhwneMfyyEn55Cb-ihF_HSd_x_FIn5pcS8UuflF9Vv6p-Vf2q-vUs9Ovt2lPZ9g7eL6bGZvdzD6q2HaZtULXtEG1LVdsO0zaosVnVr6pfz0q_koRfWwOfRI8m1WF3XUfbMqK2RLcxd3LL3ReXtffMfn0m98zGGPxDaVp6qKaNqstj61l8cj0LD9OzQ3l1Oi2Dp43F0kNjsYN5dco4LD63OKzqVdWrMy0ZL9EjWCeJKOozxsOfMW4FRL-NB0Ru76Nq0UNv-fNst_cptOh5tvxRtZM8qt6_o-02BBJDSWIoHXGmwol0xIt5dWiULbG1pjO7rYk6JuqXOQEpRJ064v0Qt1dVxgzB6A46thHZpyHQaErnpKdgp1V_Tqg_RqI_9rnpTxDpT3xm-mMk-mO_K_1xIv3xIgLJlEV2SykdSUapSkksDuIsVInJqy7O6t7PhPb9zPb9UHpR83s53y9O12bL9i3Zq7vVfEC0--6WgiQT1LIc9vi9ZzuhCqKdU5QlGFE6aIx0yIyoB0bUAwMS9lr1GMdf5Vyzj8c1-yhqNMY1JeKaPiHX1Im5pkRc0yKugZBrDxS_qmtV16qunVbXOjpNxyYs14rTseg214LpWCdyrTQdCzupllHTsa7mWlrilzESv4y91697kwRRcmOCJCqVa-1aVNpSZPLqUV8y3b02zME6XE_iPs_THulRnzYcQTP7eDT7qQ7kDkfupznBVqWtSluVtseVtnqeTXieDdrzbKaeZ6vnQ-p5tnqerZ5nq3pV9aqeZ_t5z7N1d7T-IT3PJnpiOkIEkBDhwJ8COuS3fk6Q673eLzAgue3sDsv1xoJwEAXhhz4tGRMY2P9MZf8vsEwroyqjKqMqoyqjngOjdg9Sven00JtOtt50qklcvelUbzrVm05Vr6pe1ZtOP_lNp19dDYiqwNSAqAZENSCqelX16kcLiB71Gwpbvx3637vVclE__nPkJ_Tq9y7qd33qd32e4Ls-f_93e8Zk_OinCamKzFFfxPv7pOaptGRtowbz7Vt7yno5u_44v5pfY_mb_GVl_nxf94WW7qfAu9-d7H5rqfshgO69q-7sbndepXug0t1EyHt_-yXnv67f_2d2g-12b5ypJkYc8xvqdjvgjdOuQ1x3R0Tnd9MaZWOHAyMBfIdos1HVNtZAXxAYSr6v275Vt1bXNR76Zk1-H9A3xoQego26vgHfF1hDUGhc6i-3YaNubLTvC5xiKAaCNrsGjXO9vy73LWFve8hv9i1xp33um1aNSbbDgipYcv0wBn7PUTc-9v6HzY5p0xjVtxBNwcD2UxM3u6Zt46CvDWzPNVqZHtvsHJZEp_uS3DvtGxv6XqTN7umAHe_bSaFgwfSeaLU5ezo2VmkqcgWEZAgcdBQa76gpzT1NOFdEJD3oakJ-BuKY4vcyG5sy8VwBEw2KNsxQHHHdT7lmyhjT6NymDQWMkS5nwhgksiVDzhUwWbqc6WIc8pD65dmQb1Q2xGRBMAQyxGwxASlPlzNdEARNlwc2hAMeySWmCoIp0IBHNoRDrWkVMk0M8joPHbgChkCTyBSxSOo8nskUEHwGN2fKom64vMJVARMkArM5a3gZGMXmbKOJpYaJgWBUJA5FSVxjYt9Zw5RAEGgJG6aE9ShllkA2RJaZDjYgJR2BbATlQ5HjTAcEA429YTpYaAxdzWxADBRVZDbY1GTbTAbEMpcMk8GpxtOaMkwGpxtF4mWYDAgGTTWZDA7pnfvDZEAwjxlzwVmUrayzroDgqUnmgnO84AxzAcF8NSuF88i5vqJlEjiUFCDMFSy4XJHNxMZQdyxzAMGYFZ454ABXgaWdQBUQQiKQ9xKcM0Ntcic9NDrXHOgfFkVaNW6gdT7hivBUBAWEvF0OtCugTNGqdMYNi1LvlLOb9gMuI0_23ab9gDuwClQEwyLvyQs_8AIXFm0tLrhhUaC5dnHgBm4npGcO1LAoOtpGYeAG7tzEEzeQBywC17vh1cCNgOzq3fA87Qgmigs8T3uI2E1Du3Ke9gAoaYFAV8AsaZ6XfsAJJEH1JYDAHQaoJi__iFNnaJcv4QOKH4UEvPojTpfNFbOdiBNFPPa8_BHMMuN5_UecHOoPL3_Essp4Xv4RRU8nAqGAec_yvPwjbu205Xle_ghCHg5e_xFjpzwcvDQQzIPJyz9GXtWel3_EYffkEa9_BIPKkRDbSRyKBRYABKPNNbMhwD2HRC4wExAEGs3ATADd2BxeMRMQBJqhwEwA0zgKaAIzAcFE8U9gJoBtiFyBiQAOt3CqyERAMMdDgZkAHjWFOsRMQDBvYIGZALjZ07ILzAQom31gKkDMW0ZgJiCWFPWcmQAYwdISCswEaGNY8p2ZgKCngD8wE5JCGpLvzAQEQx5NpkLSGKiQIaYCgpHWamAqJNNYGs7IVEAQiF6RqZAwnKXhjEwFBBP03YxMhYTJAiUWkamQMMqCHDurAgbagSNTIYVG09KITAUEI41nZCok3IkonIjMBQSzUkTmQsKdiOYoMhdS2YliyShS43KMz1xAMAUytJZPYARAuhDXMgoMASj9iSWnQNTT1EfmA6YCOKPkwUDa27IQaRhisWl5ZmPJKhCNtFAiFJuoRkSNWHIKRIG2zjjMKhSqEsV8seQViCaKskAVm4FXLJScAtFELYAqNlGacgsln1CoTbTZgA5rqKdIAkyx1qoTWTMlU1O41wKhsIZG2t-AuaLbtI5CQBgkobpN7GjOgDnTojlXgUEqqjG5i5T2gSuWMb_ISdwgIdWYzGnakKFwCFFqJQxStjadI3fXUtOIm0G-oJjFQCnSMJTEFNFEigyFQG2qRksOCoFMG8zSABQCYV6mXUZhDY2UHEIqaTAKePYXqfP22_8B""
    style=""width:100%;height:820px;border:0;border-radius:12px;background:#FBF9F6""
    allow=""autoplay; fullscreen""
    allowfullscreen
    loading=""lazy""></iframe>
</div>",4592
5.1,Bembé 6/8,,33 markers,3:20.8,4:01.3,Code Embed element below the lesson video. The iframe only: no bridge script belongs in a lesson embed or page template.,https://davidkuckhermann-art.github.io/handpan-studio-app/player/?k=fcd73a45100059e0&follow=1#p=z3VbLbtswEPyVgGeZ5ZIUH771gaJAW6DINfBBtpjYSCwZspygMPxB_Y7-WFciw7SUD0SQHJqDDHBmtbMzImUdyXXbbauezMl6V884KcimxsXSbZdupmYGgX7T3znEPiD2-9eFejeAq_bQ7Qf0S9XUu6q5-Ni2t0u8kLtz-33bIFdSwGV16Ndth8tP1f2mvvh6WN2uHYo2DZIP3abvXfN5LKhnt4euntlB1G13LZmDZgXZut4hfaUKsyjI_rBEvCDLqtv_cN1l-0DmHGG36jdtsyfzI3k__Aw83nR1JPfY-nrj7mrsez3eu8ahEbwchMicnYpJUZkWwZkiFYu--SJ-pmgiJ3LkZI5cVlF5WhRvKASdE8Kk6HwIPCcEmROCyQlhIncuhIncOX8TuayiNxaCfcEQso6DyAlhsvWefRwmcq99HP7bELJ2QmYILCeEySZ-9otxIncuhInca_87vFwIWe-ElwtB5oQwKcIQFqcTfql0XdXcuK1rELzCz4jir2v49PjZrL5XO-SOoxXGqNYY6W60cBMSGBlOgcHIqIQRVAo-MsAjKKlm2oMmgiW1yoNcJk005dxTgkXQ0JL5zkJF0FJd-hEl_7cJAGXMesokFKdciZEqE2kQtAQvrRLTgC50MJ24BkXZYAIpnY6BXrTxVPQO6EV40KQDoCPrKRu9c_RSBjCR5pwK8BSwRJujGf3IJRlwSU0YASCZgaOdMAPwpyE0FaUNaHwC3FAlvHUQqb6lNjwCENG8AAphW4FMlAWnUoZuZVQWAvfPIxqVhaTWBlTFvSYUPtugqZ40NS0f-2oZUUMNhFoT1STDsEVAo5oEzDmglp8Wpz8,"<!-- Handpan Studio — the lesson block for Webflow: THE IFRAME ONLY, in an Embed element below the video.
     The bridge script is pasted once, site-wide (Site settings → Custom code → Footer code): Copy the Webflow footer script. -->
<div style=""margin-top:16px"">
  <!-- allowfullscreen (build 2026-08-30a): the notation's own full-screen
       button needs the iframe's permission, or the browser refuses it and the
       app falls back to filling only the iframe. Lessons pasted before this
       build need the two attributes added to THEIR iframe tag by hand — the
       iframe is the part a re-paste deliberately leaves alone. -->
  <iframe id=""hps-app""
    src=""https://davidkuckhermann-art.github.io/handpan-studio-app/player/?k=fcd73a45100059e0&follow=1#p=z3VbLbtswEPyVgGeZ5ZIUH771gaJAW6DINfBBtpjYSCwZspygMPxB_Y7-WFciw7SUD0SQHJqDDHBmtbMzImUdyXXbbauezMl6V884KcimxsXSbZdupmYGgX7T3znEPiD2-9eFejeAq_bQ7Qf0S9XUu6q5-Ni2t0u8kLtz-33bIFdSwGV16Ndth8tP1f2mvvh6WN2uHYo2DZIP3abvXfN5LKhnt4euntlB1G13LZmDZgXZut4hfaUKsyjI_rBEvCDLqtv_cN1l-0DmHGG36jdtsyfzI3k__Aw83nR1JPfY-nrj7mrsez3eu8ahEbwchMicnYpJUZkWwZkiFYu--SJ-pmgiJ3LkZI5cVlF5WhRvKASdE8Kk6HwIPCcEmROCyQlhIncuhIncOX8TuayiNxaCfcEQso6DyAlhsvWefRwmcq99HP7bELJ2QmYILCeEySZ-9otxIncuhInca_87vFwIWe-ElwtB5oQwKcIQFqcTfql0XdXcuK1rELzCz4jir2v49PjZrL5XO-SOoxXGqNYY6W60cBMSGBlOgcHIqIQRVAo-MsAjKKlm2oMmgiW1yoNcJk005dxTgkXQ0JL5zkJF0FJd-hEl_7cJAGXMesokFKdciZEqE2kQtAQvrRLTgC50MJ24BkXZYAIpnY6BXrTxVPQO6EV40KQDoCPrKRu9c_RSBjCR5pwK8BSwRJujGf3IJRlwSU0YASCZgaOdMAPwpyE0FaUNaHwC3FAlvHUQqb6lNjwCENG8AAphW4FMlAWnUoZuZVQWAvfPIxqVhaTWBlTFvSYUPtugqZ40NS0f-2oZUUMNhFoT1STDsEVAo5oEzDmglp8Wpz8""
    style=""width:100%;height:820px;border:0;border-radius:12px;background:#FBF9F6""
    allow=""autoplay; fullscreen""
    allowfullscreen
    loading=""lazy""></iframe>
</div>",1787
5.2,Abakuá 6/8,,33 markers,5:07.4,5:44.7,Code Embed element below the lesson video. The iframe only: no bridge script belongs in a lesson embed or page template.,https://davidkuckhermann-art.github.io/handpan-studio-app/player/?k=fcd73a45100059e0&follow=1#p=zzVXbitswFPyVoGfn1LpLeVtaSqEtlH1d8uDE3k3Ixg6Os0sJ-Zh-S3-ssqWIrWSK6lDogwOeOdbMnHMcn9Fj0-6LDi3Q5lDOCcrQtjQ3xarYnYq5mCuDdNvuuTLgXQ_-_DET73p03ZzaYw9_KuryUNSz902zW5nLcM_V8djUhuPQH1mcuk3TmtsPxcu2nH0-rXebysjWtSFf223XVfXHoaCc705tOde9arU_NGiBZZ6hfdVVhn4QmVpm6HhaGTxDq6I9fqva--YVLYiBq3W3beojWpzRXf_T8-ahhzN6MUc_bqvn0pz7ODy7MaYNeN8LoUV-yaIiHhbhkSLhi77YIjJSFMnRFDl2WWYTrbPQ1f-ZLy6Sodx4E8jfNeEP-VRKvkhuLF8kd4P1yNXkfPpf5kswfsMS05R80cJM3s9I7gbrkavJ-ZL2c2q-hHVJekn5aKfylE5Fqzf5TyiSG2tCJDc-5CTrSS9pUr6kJZ6aL6GdY0XRJ8QMeXm5mG952xb1U7WvagM-mA9t9ubqP87f6_XX4mC48-Ayl8Bys1cH16ABUyAwGTBj5sl1ZWA0KCwGBpMriHPQSllQ_V6PCbhywjxGgdrDaR5UM2DSeqGBMOYgqKUYCSgBUlt5FspL0NxSnAWUBoylzRjYIDkQ6SjhQQyMWdsyMEAIiNymlIEBQkFKPFDKN4Aw0IwOoPY9J8L44RYMshMJRLmm577rRAET2qGhrAbBrSzGXpfmoAh1wwsyUwxac8f50JQCvk6WemXKgNIrGihTDkw5VyxoORV-hpj74FSCO4sHuakCLVwK4dVZDpi6FEJ5FAMRdjxY-sSMmIVytSpIzChwzwXKjIG8OtXXaS8vvwA,"<!-- Handpan Studio — the lesson block for Webflow: THE IFRAME ONLY, in an Embed element below the video.
     The bridge script is pasted once, site-wide (Site settings → Custom code → Footer code): Copy the Webflow footer script. -->
<div style=""margin-top:16px"">
  <!-- allowfullscreen (build 2026-08-30a): the notation's own full-screen
       button needs the iframe's permission, or the browser refuses it and the
       app falls back to filling only the iframe. Lessons pasted before this
       build need the two attributes added to THEIR iframe tag by hand — the
       iframe is the part a re-paste deliberately leaves alone. -->
  <iframe id=""hps-app""
    src=""https://davidkuckhermann-art.github.io/handpan-studio-app/player/?k=fcd73a45100059e0&follow=1#p=zzVXbitswFPyVoGfn1LpLeVtaSqEtlH1d8uDE3k3Ixg6Os0sJ-Zh-S3-ssqWIrWSK6lDogwOeOdbMnHMcn9Fj0-6LDi3Q5lDOCcrQtjQ3xarYnYq5mCuDdNvuuTLgXQ_-_DET73p03ZzaYw9_KuryUNSz902zW5nLcM_V8djUhuPQH1mcuk3TmtsPxcu2nH0-rXebysjWtSFf223XVfXHoaCc705tOde9arU_NGiBZZ6hfdVVhn4QmVpm6HhaGTxDq6I9fqva--YVLYiBq3W3beojWpzRXf_T8-ahhzN6MUc_bqvn0pz7ODy7MaYNeN8LoUV-yaIiHhbhkSLhi77YIjJSFMnRFDl2WWYTrbPQ1f-ZLy6Sodx4E8jfNeEP-VRKvkhuLF8kd4P1yNXkfPpf5kswfsMS05R80cJM3s9I7gbrkavJ-ZL2c2q-hHVJekn5aKfylE5Fqzf5TyiSG2tCJDc-5CTrSS9pUr6kJZ6aL6GdY0XRJ8QMeXm5mG952xb1U7WvagM-mA9t9ubqP87f6_XX4mC48-Ayl8Bys1cH16ABUyAwGTBj5sl1ZWA0KCwGBpMriHPQSllQ_V6PCbhywjxGgdrDaR5UM2DSeqGBMOYgqKUYCSgBUlt5FspL0NxSnAWUBoylzRjYIDkQ6SjhQQyMWdsyMEAIiNymlIEBQkFKPFDKN4Aw0IwOoPY9J8L44RYMshMJRLmm577rRAET2qGhrAbBrSzGXpfmoAh1wwsyUwxac8f50JQCvk6WemXKgNIrGihTDkw5VyxoORV-hpj74FSCO4sHuakCLVwK4dVZDpi6FEJ5FAMRdjxY-sSMmIVytSpIzChwzwXKjIG8OtXXaS8vvwA""
    style=""width:100%;height:820px;border:0;border-radius:12px;background:#FBF9F6""
    allow=""autoplay; fullscreen""
    allowfullscreen
    loading=""lazy""></iframe>
</div>",1807
5.3,Arpeggios in 7,,33 markers,3:49.9,4:29.0,Code Embed element below the lesson video. The iframe only: no bridge script belongs in a lesson embed or page template.,https://davidkuckhermann-art.github.io/handpan-studio-app/player/?k=fcd73a45100059e0&follow=1#p=z5ZZNa9tAEIb_ipnzetjvr1toKYW2UHI1Pii2YgvHkpDkhGL838tKazdZ-SCSptD2YB_eZ3Zn3pmx2SPcV80-68DDtl7PORAo1uAha-p8symqdl6UcwMEuqJ7yMHDzRnMinIWwKo6NG0gn7NyXWfl7ENV7e6qagcEHvK2rUrwoFAAgezQbasGPHzMHov17MthtdvmzT4rSyDw1BRdl5ef-oD1fHdo1nMXEuf7ugLPDCWwz7u8Ab8wxC4JtIc78IzAXda03_PmtnoCzwm0-aorqrIFf4Sb8BU4-MXiCI_g4b7IH9ZA4L4_u83KYPc2JAJPT2QUpNIgdiVIX4K-DkH8StAonTgHbbZV20F6h5xSjZpSjT4tyf9j30yzz6fYl1Ps2yn2R-leYX9UzTX7o2re2777G-1PWn4xxf5o3d5r-UfVvGH5_1X7o128bp9OsT9a2Vf_9kfpXmF_VM0bpv_77E_65_9j9uUV-8vTiUDWNFm5yfd52YFfwA2QZ5_wlPhRrr5lNfjFsTfBHTrKCNR98ZvoPRDBkKmBmIRwFJEwmSCBypge8V-iRBsCg2gvokYaLxEqucQgt7ZHkl9Ei4pG0QWxBq_0MAnh0DAeRS0GUVJ0WkcxvKl6kSOzF9FEUaCkZ9HKKErUUkTRsSgqtNKcRRtFg_RZh0JXqIrIInf8pTvpUDE1dI8lTFE0wkTmEsbQ6QFxnSCBzPKBCZEwiZLGdDIZsVKoeUwnkyErjTYeU8mQlUVqYjrNEuaQu3hO25dMU1QspjPJzDVDM6xI7-QF4uh0TGeTpmiJ7Fym0xdVoXDDCU7FRdWoRVRZ0glt0EoVmbmoDun5BD83YUlg01SHOry0BeGEL08_AQ,"<!-- Handpan Studio — the lesson block for Webflow: THE IFRAME ONLY, in an Embed element below the video.
     The bridge script is pasted once, site-wide (Site settings → Custom code → Footer code): Copy the Webflow footer script. -->
<div style=""margin-top:16px"">
  <!-- allowfullscreen (build 2026-08-30a): the notation's own full-screen
       button needs the iframe's permission, or the browser refuses it and the
       app falls back to filling only the iframe. Lessons pasted before this
       build need the two attributes added to THEIR iframe tag by hand — the
       iframe is the part a re-paste deliberately leaves alone. -->
  <iframe id=""hps-app""
    src=""https://davidkuckhermann-art.github.io/handpan-studio-app/player/?k=fcd73a45100059e0&follow=1#p=z5ZZNa9tAEIb_ipnzetjvr1toKYW2UHI1Pii2YgvHkpDkhGL838tKazdZ-SCSptD2YB_eZ3Zn3pmx2SPcV80-68DDtl7PORAo1uAha-p8symqdl6UcwMEuqJ7yMHDzRnMinIWwKo6NG0gn7NyXWfl7ENV7e6qagcEHvK2rUrwoFAAgezQbasGPHzMHov17MthtdvmzT4rSyDw1BRdl5ef-oD1fHdo1nMXEuf7ugLPDCWwz7u8Ab8wxC4JtIc78IzAXda03_PmtnoCzwm0-aorqrIFf4Sb8BU4-MXiCI_g4b7IH9ZA4L4_u83KYPc2JAJPT2QUpNIgdiVIX4K-DkH8StAonTgHbbZV20F6h5xSjZpSjT4tyf9j30yzz6fYl1Ps2yn2R-leYX9UzTX7o2re2777G-1PWn4xxf5o3d5r-UfVvGH5_1X7o128bp9OsT9a2Vf_9kfpXmF_VM0bpv_77E_65_9j9uUV-8vTiUDWNFm5yfd52YFfwA2QZ5_wlPhRrr5lNfjFsTfBHTrKCNR98ZvoPRDBkKmBmIRwFJEwmSCBypge8V-iRBsCg2gvokYaLxEqucQgt7ZHkl9Ei4pG0QWxBq_0MAnh0DAeRS0GUVJ0WkcxvKl6kSOzF9FEUaCkZ9HKKErUUkTRsSgqtNKcRRtFg_RZh0JXqIrIInf8pTvpUDE1dI8lTFE0wkTmEsbQ6QFxnSCBzPKBCZEwiZLGdDIZsVKoeUwnkyErjTYeU8mQlUVqYjrNEuaQu3hO25dMU1QspjPJzDVDM6xI7-QF4uh0TGeTpmiJ7Fym0xdVoXDDCU7FRdWoRVRZ0glt0EoVmbmoDun5BD83YUlg01SHOry0BeGEL08_AQ""
    style=""width:100%;height:820px;border:0;border-radius:12px;background:#FBF9F6""
    allow=""autoplay; fullscreen""
    allowfullscreen
    loading=""lazy""></iframe>
</div>",1810
5.6,Two-step tune,,start and end only,0:02.6,0:52.7,Code Embed element below the lesson video. The iframe only: no bridge script belongs in a lesson embed or page template.,https://davidkuckhermann-art.github.io/handpan-studio-app/player/?k=fcd73a45100059e0&follow=1#p=z7Vvfb6JAEP5XzDxDo6hYeeuPNE16l1yavhkeVlkLUXfJstRcDP97h9W79FyOEILWu86DJswMs7Pfsl8-BtjBUqoN0xBAnEauBw4kER7orXQzzVNX54KjUSd6zdH-crD3DvaFzFVWOh6ZiFImendSrub4Q9-aZ5kU6Btf-XjIch1LhYf37C2Jek_5YhVzHFsIdG5VojUXDyYgcle5itxpOS7fpBKCQb_vwIZrju6Z54xCB7J8DsHIgTlT2Q-unuUWAg_NfKETKTIIdnAzKP_LADxrtoM3zL1M-DrCxEtzcoxVo_G5HAmCfuHsg15jmWk4dg9-uT_kuP4d9G0f5FUE-ceZhn8Z6JBj1CTHuEk1fv1AkyJ0bFy8DnDxm-BiLUALXKwcVbhY1bTCZdgBLpMmuIw7wMXKUYWLVU0rXAYd4DJugou1AC1wsXJU4WJV0woX4hfiF-KXU_JLHXiNJl41s8lxkF-EYeHAjUdqgnY77XZSE5-iJmgfES6Eyyl5t47vqiZuCYWqmU3too2auK3vTfTPtXoW3bZYPSsHXdWXc1WTmiA1QfxC_EL8cl5-OWtv4ra-N0G7nXY77XZSE9SboHtwwuVycfm03sSfauLuq_Um6EnHKXH5_9RERVOP1ERnKov4hfiF-IX4pRN-MXrmq3VHiG-Ib4hvLkXP0D4iXAiXf7g78vHNDZQTTCkmXvmGCzTOyq9MzMuh5p0O8yjGdFCM7Ci_U_kpFt9ZipE7U86VjzyZHoov8ULLdG8aXo-KsHgH,"<!-- Handpan Studio — the lesson block for Webflow: THE IFRAME ONLY, in an Embed element below the video.
     The bridge script is pasted once, site-wide (Site settings → Custom code → Footer code): Copy the Webflow footer script. -->
<div style=""margin-top:16px"">
  <!-- allowfullscreen (build 2026-08-30a): the notation's own full-screen
       button needs the iframe's permission, or the browser refuses it and the
       app falls back to filling only the iframe. Lessons pasted before this
       build need the two attributes added to THEIR iframe tag by hand — the
       iframe is the part a re-paste deliberately leaves alone. -->
  <iframe id=""hps-app""
    src=""https://davidkuckhermann-art.github.io/handpan-studio-app/player/?k=fcd73a45100059e0&follow=1#p=z7Vvfb6JAEP5XzDxDo6hYeeuPNE16l1yavhkeVlkLUXfJstRcDP97h9W79FyOEILWu86DJswMs7Pfsl8-BtjBUqoN0xBAnEauBw4kER7orXQzzVNX54KjUSd6zdH-crD3DvaFzFVWOh6ZiFImendSrub4Q9-aZ5kU6Btf-XjIch1LhYf37C2Jek_5YhVzHFsIdG5VojUXDyYgcle5itxpOS7fpBKCQb_vwIZrju6Z54xCB7J8DsHIgTlT2Q-unuUWAg_NfKETKTIIdnAzKP_LADxrtoM3zL1M-DrCxEtzcoxVo_G5HAmCfuHsg15jmWk4dg9-uT_kuP4d9G0f5FUE-ceZhn8Z6JBj1CTHuEk1fv1AkyJ0bFy8DnDxm-BiLUALXKwcVbhY1bTCZdgBLpMmuIw7wMXKUYWLVU0rXAYd4DJugou1AC1wsXJU4WJV0woX4hfiF-KXU_JLHXiNJl41s8lxkF-EYeHAjUdqgnY77XZSE5-iJmgfES6Eyyl5t47vqiZuCYWqmU3too2auK3vTfTPtXoW3bZYPSsHXdWXc1WTmiA1QfxC_EL8cl5-OWtv4ra-N0G7nXY77XZSE9SboHtwwuVycfm03sSfauLuq_Um6EnHKXH5_9RERVOP1ERnKov4hfiF-IX4pRN-MXrmq3VHiG-Ib4hvLkXP0D4iXAiXf7g78vHNDZQTTCkmXvmGCzTOyq9MzMuh5p0O8yjGdFCM7Ci_U_kpFt9ZipE7U86VjzyZHoov8ULLdG8aXo-KsHgH""
    style=""width:100%;height:820px;border:0;border-radius:12px;background:#FBF9F6""
    allow=""autoplay; fullscreen""
    allowfullscreen
    loading=""lazy""></iframe>
</div>",1716
5.8,Bembé tune,,start and end only,0:02.7,0:56.8,Code Embed element below the lesson video. The iframe only: no bridge script belongs in a lesson embed or page template.,https://davidkuckhermann-art.github.io/handpan-studio-app/player/?k=fcd73a45100059e0&follow=1#p=z7ZnfSsMwFMZfZZzrbLhu7Wrv_IMoKoq3YxfpmrmyNSlpqsjoA_kcvpincwh6gkbYBpNcFJpzPvolPxL4aFYwU7rgBhKYl1k3AAZ5hoNUFKnomloKrJjcLAUWT7H49trZVKeq1lVbvuQyK7nsnCm1SPHB3lJUlZLYC3sxDnlt5krj8Jw_5Vnnup4u5gJtpcTms86NEfJiLci6i1pn3ePWVRSlgiQOGRTCCOyOIxZPGFR1CkmfQS1znHfMIOW6uhf6QT1DEmBfTE2uZAXJCq6k0ap9aTX4hfEKntBmlotlhh4zSI4ZzHEBWHxoTSE5ahgRxd9FfYto-Cm6-RAFFhGxG7jYDV3snERhM2EegofgIXgIHoKH4CHYIEwaBic_xgbib2MSbY0JsbMxIXa73hgHC2HgAoGI7BCIoQ3C0AVC4AKB2NkgEDvb-oidk-ifQei7QCAiO4SRC4TQBQLZejYIxM4Ggdjt-jh4CB7CH2IDmboNQugCwSk2EDvb-oidk2gTG-7q_f1xONpvnCJ2TqJdZ8oDhrC9_OQEYXv5yUPwx8FD8MfBQ_gdAqYCjAVcay4fRSEkFsebe4n2J8PX5yM9tJccL3J6y0vUrtaz7o2GGLvKDYkWXNQbRdG6FMRxM2neAQ,"<!-- Handpan Studio — the lesson block for Webflow: THE IFRAME ONLY, in an Embed element below the video.
     The bridge script is pasted once, site-wide (Site settings → Custom code → Footer code): Copy the Webflow footer script. -->
<div style=""margin-top:16px"">
  <!-- allowfullscreen (build 2026-08-30a): the notation's own full-screen
       button needs the iframe's permission, or the browser refuses it and the
       app falls back to filling only the iframe. Lessons pasted before this
       build need the two attributes added to THEIR iframe tag by hand — the
       iframe is the part a re-paste deliberately leaves alone. -->
  <iframe id=""hps-app""
    src=""https://davidkuckhermann-art.github.io/handpan-studio-app/player/?k=fcd73a45100059e0&follow=1#p=z7ZnfSsMwFMZfZZzrbLhu7Wrv_IMoKoq3YxfpmrmyNSlpqsjoA_kcvpincwh6gkbYBpNcFJpzPvolPxL4aFYwU7rgBhKYl1k3AAZ5hoNUFKnomloKrJjcLAUWT7H49trZVKeq1lVbvuQyK7nsnCm1SPHB3lJUlZLYC3sxDnlt5krj8Jw_5Vnnup4u5gJtpcTms86NEfJiLci6i1pn3ePWVRSlgiQOGRTCCOyOIxZPGFR1CkmfQS1znHfMIOW6uhf6QT1DEmBfTE2uZAXJCq6k0ap9aTX4hfEKntBmlotlhh4zSI4ZzHEBWHxoTSE5ahgRxd9FfYto-Cm6-RAFFhGxG7jYDV3snERhM2EegofgIXgIHoKH4CHYIEwaBic_xgbib2MSbY0JsbMxIXa73hgHC2HgAoGI7BCIoQ3C0AVC4AKB2NkgEDvb-oidk-ifQei7QCAiO4SRC4TQBQLZejYIxM4Ggdjt-jh4CB7CH2IDmboNQugCwSk2EDvb-oidk2gTG-7q_f1xONpvnCJ2TqJdZ8oDhrC9_OQEYXv5yUPwx8FD8MfBQ_gdAqYCjAVcay4fRSEkFsebe4n2J8PX5yM9tJccL3J6y0vUrtaz7o2GGLvKDYkWXNQbRdG6FMRxM2neAQ""
    style=""width:100%;height:820px;border:0;border-radius:12px;background:#FBF9F6""
    allow=""autoplay; fullscreen""
    allowfullscreen
    loading=""lazy""></iframe>
</div>",1586
5.11,Alien Next Door,,58 markers,0:00.8,2:07.4,Code Embed element below the lesson video. The iframe only: no bridge script belongs in a lesson embed or page template.,https://davidkuckhermann-art.github.io/handpan-studio-app/player/?k=fcd73a45100059e0&follow=1#p=z7VtZT-NIEP4ryM-h1Xe38zY7o9VKs7sa8Yp4CIkhEeBEOWZ2hfjvW3G3M2NX4ZhwLBH9gCDV5Tq_OtIh99nVfHk3WmfDbLqYnMpskM0m8GJ0OyvK07L4Z306mc-XQF7P1rcFnHzanpz8DScnX8LJeL5ZrrZHf4zKyWJUnnyez28u4QfObovVal7CmWFCwOvRZj2Fh4bZl9H32eTk62Z8My3AgLKEwx_L2XpdlL9XDJPTm81ycppvVRd3i3k2FJwPsrtiXcDxuR7oi0G22lxmQz3ILkfL1bdieTb_AWxALsbr2bxcZcP77NtsfLNZbP_aMsGT5_fZd5B_NStuJyD8KhuqQTYF04F4ttUGIuTDAHHpHdefkUsRXAbJ0gSXRbLMw8XFwyD7JDot5W3pnBDukXCCKW8z7ZxZFMsxkMCAbD3a5rCpkXIHaTR9NDqCSbbV-ZrpejpfrbO2jPyR4zr4fJ9XWznX8PtrfEDsESi77RF9wwiwuBj0gCKVYNfWyruNptCMUqa6ZVBpN20ZlmASfTOKUvZIhCk0v5MKJhJ6zBWLfEwVe2DFonAfULGo6g-oWJTRj16x1cyVaeamCk4z9zgrOM3cVLFPnLldTN2TtyO7iOlphdkFgT3ZfUo0n5jnekKq15yQ_RvoG5UjbRCVzzRf03xN8_Xj1Huazmk64-lczcjfXuDmFhlA9QVkABUUpI7K6ep2tEDZp6KHpFGbKzL-4AJC6qg8IHV5r45GhR3p-1lB-6JF9mQsj-rJONm9utYjPRk1HcpR_WL4QuqehS8kjcIXMv4VGnSXusPxhfQdgq99vbqr2T0LWb3aOV4w-ux4FLKQumchC0mjkIWMp5CFjKeQhdRRyELqKGQhdSSy8I74vM6F5R2-TaLl7RF8oT7Yz9E-uzvlIlL3LHwhaRS-kPEUvpDxFL56bShIHYUvpO6Y36NU-9cL3OKn_SvtX2n_SvsXha-0f6X966j2L-xB2r_eZP_Cg6W7YrsAhmVRMcWyekWehA2WpcOC9bn7gku2n6PcsX2whpjkXoS0b_7oi08KG8js7ql21sIGPRW67w3bXWfftW-XtT36zets5t07UILA0UAAr1B9VxoKAghQ3df6vT4geAMIILMpCCCLDoAAknEIBHDVJggkCHRewXWlH78R6Z3-ai_ovnhJQ-EIh0LaCz48BP6HoYDa1XEMBWT2OxwKCQIfAwI4Ze_6YxtYH0bL5ai8Lu6KEqjn9dc1q29CVl_NqP6zpvp4p7qCqPaNfqcq235D9N9y_BcgYQiA3MKJeSkG2aL6kOA6XmNtL6GYdL6iCxtJhhmjKpKSkeSYy21F0r7xuOCMq7w6sbqmSSatq2i-qUxopnNdneS1NmGZE9ECIZvsnuU6GC2kj0QpmJTBPKFrlVIxHZ1oapTgjAu2CGebR-CUiU_lTcUyZ7kKiiVvOqwkEzwIlFI3jzSTPgiUuhVly7SNAk3TDOWZVcF_6ZpmaEiaMOHI1_5rxTiP6eG1_9qwGEMlm5q1Y8qE1ClVx1znzIgow9Q5NgISETxTttZmFMt5MEH5prvGMp4HIZo3lRoPkQju6h2sLAelQb5WTUethFTIcKRr1daAo5HfNlVbBwiL_J7XRHAq0vJmiB145gJIjdhBGjwzkSibOXaWiZBHo5uKnWcq6DAtoHnwLhy0YOYlszEWpgUzr5mPqLC8dts7xiOthS-fM2HqWqu9zgVTNmTBtpCVK2ZiHdoWsnIDEYladsjKHZRb4Hdct8qcMyFDTJzkOypUug-4c8q2noBaj23E7TAmuGXGRx07kAnumecBpK6FMiEE49LGbrLTLKBvmdhjREuzMExHq3wLaEJA0YcE-nYnE1D0JsTE_9LLZF1Zfoc0iAQzPFJ_NjJoKDpamu862cXDfw,"<!-- Handpan Studio — the lesson block for Webflow: THE IFRAME ONLY, in an Embed element below the video.
     The bridge script is pasted once, site-wide (Site settings → Custom code → Footer code): Copy the Webflow footer script. -->
<div style=""margin-top:16px"">
  <!-- allowfullscreen (build 2026-08-30a): the notation's own full-screen
       button needs the iframe's permission, or the browser refuses it and the
       app falls back to filling only the iframe. Lessons pasted before this
       build need the two attributes added to THEIR iframe tag by hand — the
       iframe is the part a re-paste deliberately leaves alone. -->
  <iframe id=""hps-app""
    src=""https://davidkuckhermann-art.github.io/handpan-studio-app/player/?k=fcd73a45100059e0&follow=1#p=z7VtZT-NIEP4ryM-h1Xe38zY7o9VKs7sa8Yp4CIkhEeBEOWZ2hfjvW3G3M2NX4ZhwLBH9gCDV5Tq_OtIh99nVfHk3WmfDbLqYnMpskM0m8GJ0OyvK07L4Z306mc-XQF7P1rcFnHzanpz8DScnX8LJeL5ZrrZHf4zKyWJUnnyez28u4QfObovVal7CmWFCwOvRZj2Fh4bZl9H32eTk62Z8My3AgLKEwx_L2XpdlL9XDJPTm81ycppvVRd3i3k2FJwPsrtiXcDxuR7oi0G22lxmQz3ILkfL1bdieTb_AWxALsbr2bxcZcP77NtsfLNZbP_aMsGT5_fZd5B_NStuJyD8KhuqQTYF04F4ttUGIuTDAHHpHdefkUsRXAbJ0gSXRbLMw8XFwyD7JDot5W3pnBDukXCCKW8z7ZxZFMsxkMCAbD3a5rCpkXIHaTR9NDqCSbbV-ZrpejpfrbO2jPyR4zr4fJ9XWznX8PtrfEDsESi77RF9wwiwuBj0gCKVYNfWyruNptCMUqa6ZVBpN20ZlmASfTOKUvZIhCk0v5MKJhJ6zBWLfEwVe2DFonAfULGo6g-oWJTRj16x1cyVaeamCk4z9zgrOM3cVLFPnLldTN2TtyO7iOlphdkFgT3ZfUo0n5jnekKq15yQ_RvoG5UjbRCVzzRf03xN8_Xj1Huazmk64-lczcjfXuDmFhlA9QVkABUUpI7K6ep2tEDZp6KHpFGbKzL-4AJC6qg8IHV5r45GhR3p-1lB-6JF9mQsj-rJONm9utYjPRk1HcpR_WL4QuqehS8kjcIXMv4VGnSXusPxhfQdgq99vbqr2T0LWb3aOV4w-ux4FLKQumchC0mjkIWMp5CFjKeQhdRRyELqKGQhdSSy8I74vM6F5R2-TaLl7RF8oT7Yz9E-uzvlIlL3LHwhaRS-kPEUvpDxFL56bShIHYUvpO6Y36NU-9cL3OKn_SvtX2n_SvsXha-0f6X966j2L-xB2r_eZP_Cg6W7YrsAhmVRMcWyekWehA2WpcOC9bn7gku2n6PcsX2whpjkXoS0b_7oi08KG8js7ql21sIGPRW67w3bXWfftW-XtT36zets5t07UILA0UAAr1B9VxoKAghQ3df6vT4geAMIILMpCCCLDoAAknEIBHDVJggkCHRewXWlH78R6Z3-ai_ovnhJQ-EIh0LaCz48BP6HoYDa1XEMBWT2OxwKCQIfAwI4Ze_6YxtYH0bL5ai8Lu6KEqjn9dc1q29CVl_NqP6zpvp4p7qCqPaNfqcq235D9N9y_BcgYQiA3MKJeSkG2aL6kOA6XmNtL6GYdL6iCxtJhhmjKpKSkeSYy21F0r7xuOCMq7w6sbqmSSatq2i-qUxopnNdneS1NmGZE9ECIZvsnuU6GC2kj0QpmJTBPKFrlVIxHZ1oapTgjAu2CGebR-CUiU_lTcUyZ7kKiiVvOqwkEzwIlFI3jzSTPgiUuhVly7SNAk3TDOWZVcF_6ZpmaEiaMOHI1_5rxTiP6eG1_9qwGEMlm5q1Y8qE1ClVx1znzIgow9Q5NgISETxTttZmFMt5MEH5prvGMp4HIZo3lRoPkQju6h2sLAelQb5WTUethFTIcKRr1daAo5HfNlVbBwiL_J7XRHAq0vJmiB145gJIjdhBGjwzkSibOXaWiZBHo5uKnWcq6DAtoHnwLhy0YOYlszEWpgUzr5mPqLC8dts7xiOthS-fM2HqWqu9zgVTNmTBtpCVK2ZiHdoWsnIDEYladsjKHZRb4Hdct8qcMyFDTJzkOypUug-4c8q2noBaj23E7TAmuGXGRx07kAnumecBpK6FMiEE49LGbrLTLKBvmdhjREuzMExHq3wLaEJA0YcE-nYnE1D0JsTE_9LLZF1Zfoc0iAQzPFJ_NjJoKDpamu862cXDfw""
    style=""width:100%;height:820px;border:0;border-radius:12px;background:#FBF9F6""
    allow=""autoplay; fullscreen""
    allowfullscreen
    loading=""lazy""></iframe>
</div>",2846
Site footer (once),"Handpan Studio bridge, build 2026-09-26a",,,,,Site settings → Custom code → Footer code. ONCE for the whole site: replace any older Handpan Studio bridge there (this is build 2026-09-26a). A page must never run two bridges.,,"<!-- Handpan Studio bridge for masterthehandpan.com — build 2026-09-26a.
     Paste ONCE into Site settings -> Custom code -> Footer code (or a page's
     ""before </body>"" code). It does nothing on a page without the #hps-app
     iframe, so it is safe site-wide. Finds the lesson's Vimeo player through
     Vimeo's Player SDK (loaded only when a Vimeo iframe is on the page) and
     feeds its clock to the app in the iframe. The Wistia loader is left out:
     this site has no Wistia.
     2026-09-21a: the app can MUTE and UNMUTE the lesson video (the tour turns the video's sound on when it
     starts), and the bridge says it can in its status message - an older bridge would take an unknown
     command for a pause, so the app asks only a bridge that has said so. The same build sets the video's
     PLAYBACK SPEED on request (action ""rate"", with rate 0.25-2), for the tour to use.
     2026-09-25a: FULL SCREEN ON A PHONE THAT HAS NONE (the iPhone): the app asks this page to pin its frame over the
     whole window and to put it back, and the bridge says ""fs"" in its status - an older app never asks.
     2026-09-26a: ON A PHONE THE FRAME RUNS EDGE TO EDGE - measured, so the page never scrolls sideways. -->
<script>
(function(){
  /* Handpan Studio bridge — build 2026-09-26a (Vimeo, muted derived; mute, unmute and speed on request). Kept INSIDE the script so it
     travels when only this block is re-pasted (the iframe above carries the
     piece and its tempo map in the URL and must not be replaced). */
  function frame(){ return document.getElementById('hps-app'); }
  function send(m){ var f=frame(); if(f&&f.contentWindow) try{ f.contentWindow.postMessage(m,'*'); }catch(e){} }
  /* SPACE PLAYS AND STOPS THE APP FROM THE LESSON PAGE (build 2026-09-02a).
     Keys go to whatever has focus, and on a lesson page that is Kajabi's own
     document until the student has clicked inside the app — where a bare
     space only scrolls the page. Forwarded to the app, which answers with
     its transport. Not while typing in a field, never with a modifier. */
  document.addEventListener('keydown',function(e){
    if(e.key!==' '||e.metaKey||e.ctrlKey||e.altKey) return;
    var t=e.target, tag=t&&t.tagName;
    if(tag==='INPUT'||tag==='TEXTAREA'||tag==='SELECT'||(t&&t.isContentEditable)) return;
    if(!frame()) return;
    e.preventDefault(); send({type:'hps-key',key:' '});
  });
  /* THE CLOCK GOES OUT TWICE OVER, AND THE SECOND WAY ONLY SPEAKS WHEN THE
     FIRST HAS GONE QUIET. requestAnimationFrame gives the tight anchor; a
     timer gives a floor under it, because rAF does not merely slow when the
     page stops being composited, it STOPS. sendTime stamps every report, so
     the heartbeat stays silent while frames are flowing. */
  var lastSend=0, pumping=false;
  /* AND WHETHER THE PLAYER'S OWN SOUND IS ON (David, 28 Aug: the app ""should go
     mute when audio is switched back on in the video player""). Read off the
     real <video> element, which is reachable for both players — that is how the
     duplicate pump used to find Wistia's own element — so muted-or-silent is
     one flag either way, and Wistia's mutechange/volumechange are bound below
     as a cross-check. */
  function vmuted(el){
    if(!el) return null;
    return !!(el.muted||el.volume===0);
  }
  /* p — IS THE VIDEO PLAYING, stated, not left for the app to guess. The app
     used to infer a pause from the clock standing still, and a muted video
     scrolled out of view stands still in exactly the same way: browsers
     throttle what nobody can see or hear, so its clock moves in coarse jumps
     the inference kept mistaking for a stop (David, 28 Aug, three times).
     The player knows the truth; send it with every report. */
  function sendTime(t,r,m,p){ lastSend=Date.now();
    var msg={type:'hps-video-time',t:t,r:r};
    if(m!=null) msg.m=m;
    if(p!=null) msg.p=!!p;
    send(msg); }
  function heartbeat(read){ setInterval(function(){
    if(Date.now()-lastSend>150) try{ read(); }catch(e){} },150); }
  function status(st){ send({type:'hps-bridge',status:st,can:['sound','rate','fs']}); }
  var found=false, sIv=setInterval(function(){ status(found?'connected':'searching'); },1000);
  /* The app schedules the pan against the AUDIO clock, so it must know how
     fast the video's clock is running — at 0.5x an offset alone put every
     stroke twice too early. Every timecode now carries r. The app can also
     measure the rate itself, so an old un-repasted block still works; this
     just makes the change instant and exact. */
  // the app's play button (in follow mode) toggles whichever player we found
  var ctl=null;
  /* THE VIDEO'S SOUND, ON THE APP'S REQUEST (David, 21 Sep 2026: ""make sure the video is unmuted when the tour
     starts"" … ""also add mute as a function""). snd(true) unmutes - and lifts a volume left at 0, which mutes as
     surely - snd(false) mutes. Set by whichever player was found. */
  var snd=null;
  /* …and its playback speed (David, 21 Sep: ""can we also control the playback speed of the video?""): spd(r) with r
     between 0.25 and 2, the range the players offer */
  var spd=null;
  /* FULL SCREEN ON A PHONE THAT HAS NONE (David, 25 Sep 2026). The frame's own style attribute is kept and put back
     exactly; while pinned the page does not scroll under it, and a height the app asks for is kept for afterwards. */
  var pinned=false, pinSaved=null, pinH=0;
  function pin(on){
    var f=frame(); if(!f||on===pinned) return; pinned=on;
    var de=document.documentElement, b=document.body;
    if(on){
      pinSaved={st:f.getAttribute('style')||'', de:de.style.overflow, b:b.style.overflow}; pinH=0;
      f.style.cssText=pinSaved.st+';position:fixed;left:0;top:0;right:0;bottom:0;width:100vw;height:100vh;height:100dvh;'
        +'max-width:none;margin:0;border-radius:0;z-index:2147483647';
      de.style.overflow='hidden'; b.style.overflow='hidden';
    } else {
      f.setAttribute('style',pinSaved.st); de.style.overflow=pinSaved.de; b.style.overflow=pinSaved.b;
      if(pinH) f.style.height=pinH+'px';
      bleed();
    }
  }
  /* THE FRAME RUNS EDGE TO EDGE ON A PHONE (David, 26 Sep 2026 - build 2026-09-26a). Measured, never assumed: the frame
     is pulled out to the screen's left edge by exactly its distance from it and made as wide as the screen, so an
     uneven column cannot push it past the edge and the page never scrolls sideways; a wider screen gets the frame's own
     style back. Not while pinned - full screen owns the frame then, and letting go measures again. */
  var bleedOrig=null, bleedT=0;
  function bleed(){
    var f=frame(); if(!f||pinned) return;
    if(!bleedOrig) bleedOrig={w:f.style.width,r:f.style.borderRadius,m:f.style.marginLeft,x:f.style.maxWidth};
    f.style.width=bleedOrig.w; f.style.borderRadius=bleedOrig.r; f.style.marginLeft=bleedOrig.m; f.style.maxWidth=bleedOrig.x;
    if(window.innerWidth>600) return;
    var r=f.getBoundingClientRect(), vw=document.documentElement.clientWidth, m0=parseFloat(getComputedStyle(f).marginLeft)||0;
    f.style.marginLeft=(m0-r.left)+'px'; f.style.width=vw+'px'; f.style.maxWidth='none'; f.style.borderRadius='0';
  }
  function bleedSoon(){ clearTimeout(bleedT); bleedT=setTimeout(bleed,60); }
  bleed();
  window.addEventListener('resize',bleedSoon);
  window.addEventListener('orientationchange',bleedSoon);
  window.addEventListener('load',bleed);
  window.addEventListener('message',function(e){
    var d=e.data;
    if(d&&d.type==='hps-video-ctl'&&(d.action==='mute'||d.action==='unmute')){ if(snd) try{ snd(d.action==='unmute'); }catch(err){} return; }
    if(d&&d.type==='hps-video-ctl'&&d.action==='rate'){ var r=+d.rate; if(spd&&r>=0.25&&r<=2) try{ spd(r); }catch(err){} return; }
    if(d&&d.type==='hps-video-ctl'&&ctl){ try{ ctl(d.action||'toggle',d.t); }catch(err){} return; }
    /* THE APP ASKS FOR THE HEIGHT IT NEEDS (David, 28 Aug: ""extend the
       available window to full player size and then lock vertical scrolling"").
       It knows what its notation comes to and a fixed 820px did not — so the
       window follows the music rather than the music being shrunk to the
       window. Bounded either side: a silly number from anywhere is ignored,
       and only this page's own frame is touched. */
    if(d&&d.type==='hps-fs'){ var ff=frame(); if(ff&&e.source===ff.contentWindow) pin(!!d.on); return; }
    if(d&&d.type==='hps-size'&&typeof d.h==='number'&&d.h>300&&d.h<4000){
      if(pinned){ pinH=Math.round(d.h); return; }
      var f=frame(); if(f) f.style.height=Math.round(d.h)+'px';
    }
  });
  // 1) Wistia — E-v1.js above also upgrades Wistia IFRAME embeds into API handles
  window._wq=window._wq||[];
  /* THE CAUSE OF ""PLAYBACK STOPS WHEN I SCROLL DOWN"" (28 Aug, David's third
     report — and his observation that video-sound-on was immune cracked it):
     Wistia DELIBERATELY PAUSES a muted video the moment it scrolls fully out
     of view, and resumes it when it returns. Documented, default true, named
     playSuspendedOffScreen. The pan follows the video, so the pan stopped at
     an exact scroll line and restarted a few px back up — the app was
     faithfully following a video that really was pausing. Asked off here;
     this push only takes effect if it lands before Wistia embeds, so the
     onReady guard below covers the race the other way. */
  _wq.push({id:'_all',options:{playSuspendedOffScreen:false}});
  _wq.push({id:'_all',onReady:function(v){
    /* ONE PUMP ONLY. id:'_all' fires for every Wistia player on the page and
       can fire again when one re-initialises, and the <video> hunt below finds
       Wistia's own <video> element — so without this the same player was
       pumped twice over (counted: two loops from one video). */
    if(pumping) return;
    pumping=true; clearInterval(iv);
    found=true; status('connected');
    var askedPause=false;   // a pause the STUDENT chose, via the app's button
    ctl=function(a,t){
      if(a==='seek'&&t!=null){ v.time(t); return; }
      var playing=v.state()==='playing';
      if(a==='play'||(a==='toggle'&&!playing)){ askedPause=false; v.play(); }
      else { askedPause=true; v.pause(); } };
    snd=function(on){ if(on){ v.unmute(); if(v.volume&&v.volume()===0) v.volume(1); } else v.mute(); };
    spd=function(r){ v.playbackRate(r); };
    /* If the options push above lost the race to the embed, Wistia still
       suspends off-screen — so any pause that arrives while the player is
       FULLY out of view, and that neither the student's scrubbing nor the
       app's button asked for, is Wistia's own and is undone on the spot. A
       student cannot click pause on a player that is not on screen; the one
       off-screen pause they CAN cause goes through ctl and is honoured. */
    try{ v.bind('pause',function(){
      if(askedPause) return;
      var c=v.container||document.querySelector('.wistia_embed');
      if(!c) return;
      var r=c.getBoundingClientRect();
      if(r.bottom<=0||r.top>=window.innerHeight){ try{ v.play(); }catch(e){} }
    }); }catch(e){}
    try{ v.bind('play',function(){ askedPause=false; }); }catch(e){}
    // playbackRate() is documented as a SETTER only — calling it bare could
    // set the rate to undefined, so never read it. The event is the getter.
    /* THE RATE MUST BE READABLE AT ANY MOMENT, not only after the student has
       changed it. playbackRate() on the Wistia API is a documented SETTER, so
       it can never be read — the event was the only getter, which left wr
       sitting at 1 whenever a player opened at a remembered speed, and the app
       TRUSTS a stated rate over its own measurement. Wistia renders a real
       <video>, so read that element's live playbackRate and keep the event as
       the fallback. */
    var wr=1, wvid=null;
    try{ v.bind('playbackratechange',function(r){
      if(typeof r==='number'&&r>0.05&&r<8) wr=r; }); }catch(e){}
    function wel(){
      try{ if(!wvid||!wvid.isConnected) wvid=findVideo(document); }catch(e){}
      return wvid;
    }
    function wrate(){
      var r=wel()&&wvid.playbackRate;
      return (typeof r==='number'&&r>0.05&&r<8)?r:wr;
    }
    var wmute=null;                      // what Wistia's own events last said
    try{ v.bind('mutechange',function(x){ wmute=!!x; }); }catch(e){}
    try{ v.bind('volumechange',function(x){ if(typeof x==='number') wmute=(x===0); }); }catch(e){}
    function wmuted(){ var m=vmuted(wel()); return m==null?wmute:m; }
    // every frame for the anchor, and the heartbeat underneath it for the
    // states where frames stop coming
    (function pump(){ sendTime(v.time(),wrate(),wmuted(),v.state()==='playing'); requestAnimationFrame(pump); })();
    heartbeat(function(){ sendTime(v.time(),wrate(),wmuted(),v.state()==='playing'); });
  }});
  // 2) Vimeo — masterthehandpan.com (Webflow) hosts its lessons on Vimeo,
  //    whose player is a CROSS-ORIGIN iframe: the <video> hunt below cannot see
  //    into it, so the Player SDK is the only way to its clock. The SDK is
  //    loaded only once a Vimeo iframe is actually on the page, so a Kajabi
  //    lesson never fetches it. It attaches to any existing player iframe
  //    (Webflow's Video element makes one) or a data-vimeo-id element.
  function vimeoEl(){
    return document.querySelector('iframe[src*=""player.vimeo.com""],[data-vimeo-id],[data-vimeo-url]');
  }
  var vimeoAsked=false;
  function vimeoSDK(){
    if(window.Vimeo&&window.Vimeo.Player) return true;
    if(!vimeoAsked){ vimeoAsked=true;
      var s=document.createElement('script'); s.src='https://player.vimeo.com/api/player.js'; s.async=true;
      document.head.appendChild(s); }
    return false;
  }
  function vimeoPump(el){
    var p=new Vimeo.Player(el);
    /* THE SDK ANSWERS BY PROMISE, not on the spot — every read is a round
       trip into the player's frame. So the state the app wants stated (rate,
       mute, playing) is kept here from the player's own events, and only the
       clock is asked for, one question in flight at a time: a frame that
       finds the last answer still out simply waits for it. Vimeo's own
       timeupdate fires ~4x a second, far too coarse for the follow engine
       (it drops notes below a handful of reports a second), which is why the
       clock is polled rather than listened for. */
    /* MUTED IS ONE DERIVED VALUE, never two sources writing one flag (David,
       2 Sep, Safari on the Webflow page: the ""video sound is off/on"" dialogs
       re-opened the instant they were closed and stacked two deep — the flag
       was flapping). The muted switch and the volume are tracked apart: the
       volumechange event only ever sets the volume, the getMuted poll only
       ever sets the switch, and what goes out is switch-on OR volume-zero. A
       volumechange reporting volume 1 while the switch is on — which is what
       a muted player says when its volume is asked — can no longer flip it. */
    var vt=0, vr=1, vmuteSw=null, vvol=null, vplay=false, inflight=false;
    function vmuted(){ if(vmuteSw==null&&vvol==null) return null; return !!(vmuteSw||vvol===0); }
    function report(){ sendTime(vt,vr,vmuted(),vplay); }
    function ask(){
      if(inflight) return; inflight=true;
      p.getCurrentTime().then(function(s){ inflight=false;
        if(typeof s==='number') vt=s; report(); },function(){ inflight=false; });
    }
    ctl=function(a,t){
      if(a==='seek'&&t!=null){ p.setCurrentTime(t); return; }
      if(a==='play'||(a==='toggle'&&!vplay)) p.play(); else p.pause(); };
    /* Vimeo answers with a promise, and a browser may refuse sound the viewer has not allowed: the state the app
       hears is set only when Vimeo says it happened */
    snd=function(on){
      p.setMuted(!on).then(function(){ vmuteSw=!on; report(); },function(){});
      if(on&&vvol===0) p.setVolume(1).then(function(){ vvol=1; report(); },function(){}); };
    spd=function(r){ p.setPlaybackRate(r).then(function(){ vr=r; report(); },function(){}); };
    p.on('play',function(){ vplay=true; report(); });
    p.on('pause',function(){ vplay=false; report(); });
    p.on('ended',function(){ vplay=false; report(); });
    p.on('seeked',function(d){ if(d&&typeof d.seconds==='number') vt=d.seconds; report(); });
    p.on('playbackratechange',function(d){ var r=d&&d.playbackRate;
      if(typeof r==='number'&&r>0.05&&r<8) vr=r; });
    p.on('volumechange',function(d){ if(d&&typeof d.volume==='number') vvol=d.volume; });
    /* muted is not an event in this SDK, so it is asked for on a slow tick,
       together with the values the events may have missed at attach time */
    function slow(){
      try{ p.getMuted().then(function(m){ vmuteSw=!!m; }); }catch(e){}
      try{ p.getVolume().then(function(v){ if(typeof v==='number') vvol=v; }); }catch(e){}
      try{ p.getPlaybackRate().then(function(r){ if(typeof r==='number'&&r>0.05&&r<8) vr=r; }); }catch(e){}
    }
    p.ready().then(function(){
      found=true; status('connected');
      p.getPaused().then(function(x){ vplay=!x; });
      slow(); setInterval(slow,500);
      (function pump(){ ask(); requestAnimationFrame(pump); })();
      heartbeat(ask);
    });
  }
  // 3) any <video> — page, same-origin iframes, and shadow roots
  function findVideo(root){
    var v=root.querySelector&&root.querySelector('video'); if(v) return v;
    var all=root.querySelectorAll?root.querySelectorAll('*'):[];
    for(var i=0;i<all.length;i++) if(all[i].shadowRoot){ var s=findVideo(all[i].shadowRoot); if(s) return s; }
    return null;
  }
  var tries=0, iv=setInterval(function(){
    if(pumping){ clearInterval(iv); return; }     // Wistia got there first
    var vel=vimeoEl();
    if(vel){ if(!vimeoSDK()){ if(++tries>40){ clearInterval(iv); clearInterval(sIv); status('no-player'); } return; }
      clearInterval(iv); pumping=true; vimeoPump(vel); return; }
    var vid=findVideo(document);
    if(!vid){ var ifr=document.querySelectorAll('iframe');
      for(var i=0;i<ifr.length&&!vid;i++){ try{ if(ifr[i].contentDocument) vid=findVideo(ifr[i].contentDocument); }catch(e){} } }
    if(vid){ clearInterval(iv); pumping=true; found=true; status('connected');
      ctl=function(a,t){
        if(a==='seek'&&t!=null){ vid.currentTime=t; return; }
        if(a==='play'||(a==='toggle'&&vid.paused)) vid.play&&vid.play(); else vid.pause&&vid.pause(); };
      snd=function(on){ vid.muted=!on; if(on&&vid.volume===0) vid.volume=1; };
      spd=function(r){ vid.playbackRate=r; };
      /* while paused the reports keep coming, carrying p:false — a pause the
         app hears about at once beats one it must deduce from silence */
      (function pump(){ sendTime(vid.currentTime,vid.playbackRate,vmuted(vid),!vid.paused);
        requestAnimationFrame(pump); })();
      heartbeat(function(){ sendTime(vid.currentTime,vid.playbackRate,vmuted(vid),!vid.paused); });
      vid.addEventListener('seeked',function(){
        sendTime(vid.currentTime,vid.playbackRate,vmuted(vid),!vid.paused); });
    } else if(++tries>40){ clearInterval(iv); clearInterval(sIv); status('no-player'); }
  },1000);
})();
</script>",19190
